,state,year,Dem_state_leg,Rep_state_leg,Dem_state_exe,Dem_local_exe,Rep_local_exe,Dem_local_leg,Other_local_leg,Rep_local_leg,year_earliest,pre_Dem_state_leg,pre_Rep_state_leg,pre_Dem_state_exe,pre_Dem_local_exe,pre_Rep_local_exe,pre_Dem_local_leg,pre_Other_local_leg,pre_Rep_local_leg
0,Alabama,2010,1.0,0.0,0.0,0.0,0.0,0.0,0.0,0.0,2010,0.0,0.0,0.0,0.0,0.0,0.0,0.0,0.0
1,Alabama,2011,1.0,0.0,0.0,0.0,0.0,0.0,0.0,0.0,2010,0.0,0.0,0.0,0.0,0.0,0.0,0.0,0.0
2,Alabama,2012,1.0,0.0,0.0,0.0,0.0,0.0,0.0,0.0,2010,0.0,0.0,0.0,0.0,0.0,0.0,0.0,0.0
3,Alabama,2013,1.0,0.0,0.0,0.0,0.0,0.0,0.0,0.0,2010,0.0,0.0,0.0,0.0,0.0,0.0,0.0,0.0
4,Alabama,2014,1.0,0.0,0.0,0.0,0.0,0.0,0.0,0.0,2010,0.0,0.0,0.0,0.0,0.0,0.0,0.0,0.0
5,Alabama,2015,1.0,0.0,0.0,0.0,0.0,0.0,0.0,0.0,2010,0.0,0.0,0.0,0.0,0.0,0.0,0.0,0.0
6,Alabama,2016,1.0,0.0,0.0,0.0,0.0,0.0,0.0,0.0,2010,0.0,0.0,0.0,0.0,0.0,0.0,0.0,0.0
7,Alabama,2017,1.0,0.0,0.0,0.0,0.0,0.0,0.0,0.0,2010,0.0,0.0,0.0,0.0,0.0,0.0,0.0,0.0
8,Alabama,2018,2.0,0.0,0.0,0.0,0.0,0.0,0.0,0.0,2010,0.0,0.0,0.0,0.0,0.0,0.0,0.0,0.0
9,Alabama,2019,1.0,0.0,0.0,0.0,0.0,0.0,0.0,0.0,2010,0.0,0.0,0.0,0.0,0.0,0.0,0.0,0.0
10,Alabama,2020,1.0,0.0,0.0,0.0,0.0,0.0,0.0,0.0,2010,0.0,0.0,0.0,0.0,0.0,0.0,0.0,0.0
11,Alabama,2021,1.0,0.0,0.0,0.0,0.0,0.0,0.0,0.0,2010,0.0,0.0,0.0,0.0,0.0,0.0,0.0,0.0
12,Alabama,2022,1.0,0.0,0.0,0.0,0.0,0.0,0.0,0.0,2010,0.0,0.0,0.0,0.0,0.0,0.0,0.0,0.0
13,Alabama,2023,1.0,0.0,0.0,0.0,0.0,0.0,0.0,0.0,2010,0.0,0.0,0.0,0.0,0.0,0.0,0.0,0.0
15,Alaska,2010,0.0,0.0,0.0,0.0,0.0,0.0,0.0,0.0,2017,2.0,0.0,0.0,0.0,0.0,0.0,0.0,0.0
16,Alaska,2011,0.0,0.0,0.0,0.0,0.0,0.0,0.0,0.0,2017,2.0,0.0,0.0,0.0,0.0,0.0,0.0,0.0
17,Alaska,2012,0.0,0.0,0.0,0.0,0.0,0.0,0.0,0.0,2017,2.0,0.0,0.0,0.0,0.0,0.0,0.0,0.0
18,Alaska,2013,0.0,0.0,0.0,0.0,0.0,0.0,0.0,0.0,2017,2.0,0.0,0.0,0.0,0.0,0.0,0.0,0.0
19,Alaska,2014,0.0,0.0,0.0,0.0,0.0,0.0,0.0,0.0,2017,2.0,0.0,0.0,0.0,0.0,0.0,0.0,0.0
20,Alaska,2015,0.0,0.0,0.0,0.0,0.0,0.0,0.0,0.0,2017,2.0,0.0,0.0,0.0,0.0,0.0,0.0,0.0
21,Alaska,2016,0.0,0.0,0.0,0.0,0.0,0.0,0.0,0.0,2017,2.0,0.0,0.0,0.0,0.0,0.0,0.0,0.0
22,Alaska,2017,0.0,0.0,0.0,0.0,0.0,2.0,0.0,0.0,2017,2.0,0.0,0.0,0.0,0.0,0.0,0.0,0.0
23,Alaska,2018,0.0,0.0,0.0,0.0,0.0,2.0,0.0,0.0,2017,2.0,0.0,0.0,0.0,0.0,0.0,0.0,0.0
24,Alaska,2019,0.0,0.0,0.0,0.0,0.0,2.0,0.0,0.0,2017,2.0,0.0,0.0,0.0,0.0,0.0,0.0,0.0
25,Alaska,2020,0.0,0.0,0.0,0.0,0.0,2.0,0.0,0.0,2017,2.0,0.0,0.0,0.0,0.0,0.0,0.0,0.0
26,Alaska,2021,0.0,0.0,0.0,0.0,0.0,2.0,0.0,0.0,2017,2.0,0.0,0.0,0.0,0.0,0.0,0.0,0.0
27,Alaska,2022,0.0,0.0,0.0,0.0,0.0,2.0,0.0,0.0,2017,2.0,0.0,0.0,0.0,0.0,0.0,0.0,0.0
28,Alaska,2023,3.0,0.0,0.0,0.0,0.0,2.0,0.0,0.0,2017,2.0,0.0,0.0,0.0,0.0,0.0,0.0,0.0
30,Arizona,2010,3.0,0.0,0.0,0.0,0.0,0.0,0.0,0.0,2010,2.0,0.0,0.0,0.0,1.0,0.0,0.0,0.0
31,Arizona,2011,5.0,0.0,0.0,0.0,0.0,0.0,0.0,0.0,2010,2.0,0.0,0.0,0.0,1.0,0.0,0.0,0.0
32,Arizona,2012,2.0,0.0,0.0,0.0,0.0,0.0,0.0,0.0,2010,2.0,0.0,0.0,0.0,1.0,0.0,0.0,0.0
33,Arizona,2013,1.0,0.0,0.0,0.0,0.0,0.0,0.0,0.0,2010,2.0,0.0,0.0,0.0,1.0,0.0,0.0,0.0
34,Arizona,2014,2.0,0.0,0.0,0.0,0.0,0.0,0.0,0.0,2010,2.0,0.0,0.0,0.0,1.0,0.0,0.0,0.0
35,Arizona,2015,2.0,0.0,0.0,0.0,0.0,0.0,0.0,0.0,2010,2.0,0.0,0.0,0.0,1.0,0.0,0.0,0.0
36,Arizona,2016,1.0,0.0,0.0,0.0,0.0,0.0,0.0,0.0,2010,2.0,0.0,0.0,0.0,1.0,0.0,0.0,0.0
37,Arizona,2017,1.0,0.0,0.0,0.0,0.0,0.0,0.0,0.0,2010,2.0,0.0,0.0,0.0,1.0,0.0,0.0,0.0
38,Arizona,2018,1.0,0.0,0.0,0.0,0.0,0.0,0.0,0.0,2010,2.0,0.0,0.0,0.0,1.0,0.0,0.0,0.0
39,Arizona,2019,1.0,0.0,0.0,0.0,0.0,0.0,0.0,0.0,2010,2.0,0.0,0.0,0.0,1.0,0.0,0.0,0.0
40,Arizona,2020,0.0,0.0,0.0,0.0,0.0,0.0,0.0,0.0,2010,2.0,0.0,0.0,0.0,1.0,0.0,0.0,0.0
41,Arizona,2021,0.0,0.0,0.0,0.0,0.0,0.0,0.0,0.0,2010,2.0,0.0,0.0,0.0,1.0,0.0,0.0,0.0
42,Arizona,2022,0.0,0.0,0.0,0.0,0.0,0.0,0.0,0.0,2010,2.0,0.0,0.0,0.0,1.0,0.0,0.0,0.0
43,Arizona,2023,3.0,0.0,1.0,0.0,0.0,0.0,0.0,0.0,2010,2.0,0.0,0.0,0.0,1.0,0.0,0.0,0.0
45,Arkansas,2010,1.0,0.0,0.0,0.0,0.0,0.0,0.0,0.0,2010,0.0,0.0,0.0,0.0,0.0,0.0,0.0,0.0
46,Arkansas,2011,1.0,0.0,0.0,0.0,0.0,0.0,0.0,0.0,2010,0.0,0.0,0.0,0.0,0.0,0.0,0.0,0.0
47,Arkansas,2012,1.0,0.0,0.0,0.0,0.0,0.0,0.0,0.0,2010,0.0,0.0,0.0,0.0,0.0,0.0,0.0,0.0
48,Arkansas,2013,1.0,0.0,0.0,0.0,0.0,0.0,0.0,0.0,2010,0.0,0.0,0.0,0.0,0.0,0.0,0.0,0.0
49,Arkansas,2014,0.0,0.0,0.0,0.0,0.0,0.0,0.0,0.0,2010,0.0,0.0,0.0,0.0,0.0,0.0,0.0,0.0
50,Arkansas,2015,1.0,0.0,0.0,0.0,0.0,0.0,0.0,0.0,2010,0.0,0.0,0.0,0.0,0.0,0.0,0.0,0.0
51,Arkansas,2016,1.0,0.0,0.0,0.0,0.0,0.0,0.0,0.0,2010,0.0,0.0,0.0,0.0,0.0,0.0,0.0,0.0
52,Arkansas,2017,1.0,0.0,0.0,0.0,0.0,0.0,0.0,0.0,2010,0.0,0.0,0.0,0.0,0.0,0.0,0.0,0.0
53,Arkansas,2018,1.0,0.0,0.0,0.0,0.0,0.0,0.0,0.0,2010,0.0,0.0,0.0,0.0,0.0,0.0,0.0,0.0
54,Arkansas,2019,1.0,0.0,0.0,0.0,0.0,0.0,0.0,0.0,2010,0.0,0.0,0.0,0.0,0.0,0.0,0.0,0.0
55,Arkansas,2020,1.0,0.0,0.0,0.0,0.0,0.0,0.0,0.0,2010,0.0,0.0,0.0,0.0,0.0,0.0,0.0,0.0
56,Arkansas,2021,1.0,0.0,0.0,0.0,0.0,1.0,0.0,0.0,2010,0.0,0.0,0.0,0.0,0.0,0.0,0.0,0.0
57,Arkansas,2022,1.0,0.0,0.0,0.0,0.0,1.0,0.0,0.0,2010,0.0,0.0,0.0,0.0,0.0,0.0,0.0,0.0
58,Arkansas,2023,1.0,0.0,0.0,0.0,0.0,1.0,0.0,0.0,2010,0.0,0.0,0.0,0.0,0.0,0.0,0.0,0.0
60,California,2010,5.0,1.0,0.0,1.0,0.0,3.0,0.0,1.0,2010,12.0,0.0,1.0,2.0,0.0,5.0,0.0,0.0
61,California,2011,5.0,0.0,0.0,1.0,0.0,3.0,0.0,1.0,2010,12.0,0.0,1.0,2.0,0.0,5.0,0.0,0.0
62,California,2012,6.0,0.0,0.0,1.0,0.0,4.0,0.0,1.0,2010,12.0,0.0,1.0,2.0,0.0,5.0,0.0,0.0
63,California,2013,5.0,0.0,0.0,1.0,0.0,3.0,0.0,0.0,2010,12.0,0.0,1.0,2.0,0.0,5.0,0.0,0.0
64,California,2014,6.0,0.0,0.0,3.0,0.0,2.0,0.0,0.0,2010,12.0,0.0,1.0,2.0,0.0,5.0,0.0,0.0
65,California,2015,4.0,0.0,0.0,3.0,0.0,2.0,0.0,0.0,2010,12.0,0.0,1.0,2.0,0.0,5.0,0.0,0.0
66,California,2016,6.0,0.0,0.0,3.0,0.0,2.0,0.0,0.0,2010,12.0,0.0,1.0,2.0,0.0,5.0,0.0,0.0
67,California,2017,3.0,0.0,0.0,4.0,0.0,2.0,0.0,0.0,2010,12.0,0.0,1.0,2.0,0.0,5.0,0.0,0.0
68,California,2018,4.0,0.0,0.0,4.0,0.0,2.0,0.0,0.0,2010,12.0,0.0,1.0,2.0,0.0,5.0,0.0,0.0
69,California,2019,4.0,0.0,1.0,3.0,0.0,2.0,0.0,0.0,2010,12.0,0.0,1.0,2.0,0.0,5.0,0.0,0.0
70,California,2020,5.0,0.0,1.0,4.0,0.0,2.0,0.0,0.0,2010,12.0,0.0,1.0,2.0,0.0,5.0,0.0,0.0
71,California,2021,5.0,0.0,1.0,4.0,0.0,1.0,0.0,0.0,2010,12.0,0.0,1.0,2.0,0.0,5.0,0.0,0.0
72,California,2022,6.0,0.0,1.0,4.0,0.0,1.0,0.0,0.0,2010,12.0,0.0,1.0,2.0,0.0,5.0,0.0,0.0
73,California,2023,7.0,0.0,1.0,4.0,0.0,1.0,0.0,0.0,2010,12.0,0.0,1.0,2.0,0.0,5.0,0.0,0.0
75,Colorado,2010,1.0,0.0,0.0,0.0,0.0,0.0,0.0,0.0,2010,4.0,0.0,0.0,0.0,0.0,0.0,1.0,0.0
76,Colorado,2011,2.0,0.0,0.0,0.0,0.0,0.0,0.0,0.0,2010,4.0,0.0,0.0,0.0,0.0,0.0,1.0,0.0
77,Colorado,2012,2.0,0.0,0.0,0.0,0.0,0.0,0.0,0.0,2010,4.0,0.0,0.0,0.0,0.0,0.0,1.0,0.0
78,Colorado,2013,3.0,0.0,0.0,0.0,0.0,0.0,0.0,0.0,2010,4.0,0.0,0.0,0.0,0.0,0.0,1.0,0.0
79,Colorado,2014,2.0,0.0,0.0,0.0,0.0,0.0,0.0,0.0,2010,4.0,0.0,0.0,0.0,0.0,0.0,1.0,0.0
80,Colorado,2015,2.0,0.0,0.0,0.0,0.0,0.0,0.0,0.0,2010,4.0,0.0,0.0,0.0,0.0,0.0,1.0,0.0
81,Colorado,2016,0.0,0.0,0.0,0.0,0.0,0.0,0.0,0.0,2010,4.0,0.0,0.0,0.0,0.0,0.0,1.0,0.0
82,Colorado,2017,1.0,0.0,0.0,0.0,0.0,0.0,0.0,0.0,2010,4.0,0.0,0.0,0.0,0.0,0.0,1.0,0.0
83,Colorado,2018,1.0,0.0,0.0,0.0,0.0,0.0,0.0,0.0,2010,4.0,0.0,0.0,0.0,0.0,0.0,1.0,0.0
84,Colorado,2019,2.0,0.0,1.0,0.0,0.0,0.0,0.0,0.0,2010,4.0,0.0,0.0,0.0,0.0,0.0,1.0,0.0
85,Colorado,2020,2.0,0.0,1.0,0.0,0.0,0.0,0.0,0.0,2010,4.0,0.0,0.0,0.0,0.0,0.0,1.0,0.0
86,Colorado,2021,2.0,0.0,1.0,0.0,0.0,0.0,0.0,0.0,2010,4.0,0.0,0.0,0.0,0.0,0.0,1.0,0.0
87,Colorado,2022,2.0,0.0,1.0,0.0,0.0,0.0,0.0,0.0,2010,4.0,0.0,0.0,0.0,0.0,0.0,1.0,0.0
88,Colorado,2023,3.0,0.0,1.0,0.0,0.0,0.0,0.0,0.0,2010,4.0,0.0,0.0,0.0,0.0,0.0,1.0,0.0
90,Connecticut,2010,0.0,0.0,0.0,0.0,0.0,0.0,0.0,0.0,2019,2.0,0.0,0.0,0.0,0.0,2.0,0.0,2.0
91,Connecticut,2011,0.0,0.0,0.0,0.0,0.0,0.0,0.0,0.0,2019,2.0,0.0,0.0,0.0,0.0,2.0,0.0,2.0
92,Connecticut,2012,0.0,0.0,0.0,0.0,0.0,0.0,0.0,0.0,2019,2.0,0.0,0.0,0.0,0.0,2.0,0.0,2.0
93,Connecticut,2013,0.0,0.0,0.0,0.0,0.0,0.0,0.0,0.0,2019,2.0,0.0,0.0,0.0,0.0,2.0,0.0,2.0
94,Connecticut,2014,0.0,0.0,0.0,0.0,0.0,0.0,0.0,0.0,2019,2.0,0.0,0.0,0.0,0.0,2.0,0.0,2.0
95,Connecticut,2015,0.0,0.0,0.0,0.0,0.0,0.0,0.0,0.0,2019,2.0,0.0,0.0,0.0,0.0,2.0,0.0,2.0
96,Connecticut,2016,0.0,0.0,0.0,0.0,0.0,0.0,0.0,0.0,2019,2.0,0.0,0.0,0.0,0.0,2.0,0.0,2.0
97,Connecticut,2017,0.0,0.0,0.0,0.0,0.0,0.0,0.0,0.0,2019,2.0,0.0,0.0,0.0,0.0,2.0,0.0,2.0
98,Connecticut,2018,0.0,0.0,0.0,0.0,0.0,0.0,0.0,0.0,2019,2.0,0.0,0.0,0.0,0.0,2.0,0.0,2.0
99,Connecticut,2019,1.0,0.0,0.0,0.0,0.0,0.0,0.0,0.0,2019,2.0,0.0,0.0,0.0,0.0,2.0,0.0,2.0
100,Connecticut,2020,1.0,0.0,0.0,0.0,0.0,0.0,0.0,0.0,2019,2.0,0.0,0.0,0.0,0.0,2.0,0.0,2.0
101,Connecticut,2021,1.0,0.0,0.0,0.0,0.0,0.0,0.0,0.0,2019,2.0,0.0,0.0,0.0,0.0,2.0,0.0,2.0
102,Connecticut,2022,1.0,0.0,0.0,0.0,0.0,0.0,0.0,0.0,2019,2.0,0.0,0.0,0.0,0.0,2.0,0.0,2.0
103,Connecticut,2023,1.0,0.0,0.0,0.0,0.0,0.0,0.0,0.0,2019,2.0,0.0,0.0,0.0,0.0,2.0,0.0,2.0
105,Delaware,2010,0.0,0.0,0.0,0.0,0.0,0.0,0.0,0.0,2021,0.0,0.0,0.0,0.0,0.0,0.0,1.0,0.0
106,Delaware,2011,0.0,0.0,0.0,0.0,0.0,0.0,0.0,0.0,2021,0.0,0.0,0.0,0.0,0.0,0.0,1.0,0.0
107,Delaware,2012,0.0,0.0,0.0,0.0,0.0,0.0,0.0,0.0,2021,0.0,0.0,0.0,0.0,0.0,0.0,1.0,0.0
108,Delaware,2013,0.0,0.0,0.0,0.0,0.0,0.0,0.0,0.0,2021,0.0,0.0,0.0,0.0,0.0,0.0,1.0,0.0
109,Delaware,2014,0.0,0.0,0.0,0.0,0.0,0.0,0.0,0.0,2021,0.0,0.0,0.0,0.0,0.0,0.0,1.0,0.0
110,Delaware,2015,0.0,0.0,0.0,0.0,0.0,0.0,0.0,0.0,2021,0.0,0.0,0.0,0.0,0.0,0.0,1.0,0.0
111,Delaware,2016,0.0,0.0,0.0,0.0,0.0,0.0,0.0,0.0,2021,0.0,0.0,0.0,0.0,0.0,0.0,1.0,0.0
112,Delaware,2017,0.0,0.0,0.0,0.0,0.0,0.0,0.0,0.0,2021,0.0,0.0,0.0,0.0,0.0,0.0,1.0,0.0
113,Delaware,2018,0.0,0.0,0.0,0.0,0.0,0.0,0.0,0.0,2021,0.0,0.0,0.0,0.0,0.0,0.0,1.0,0.0
114,Delaware,2019,0.0,0.0,0.0,0.0,0.0,0.0,0.0,0.0,2021,0.0,0.0,0.0,0.0,0.0,0.0,1.0,0.0
115,Delaware,2020,0.0,0.0,0.0,0.0,0.0,0.0,0.0,0.0,2021,0.0,0.0,0.0,0.0,0.0,0.0,1.0,0.0
116,Delaware,2021,1.0,0.0,0.0,0.0,0.0,0.0,0.0,0.0,2021,0.0,0.0,0.0,0.0,0.0,0.0,1.0,0.0
117,Delaware,2022,1.0,0.0,0.0,0.0,0.0,0.0,0.0,0.0,2021,0.0,0.0,0.0,0.0,0.0,0.0,1.0,0.0
118,Delaware,2023,1.0,0.0,0.0,0.0,0.0,0.0,0.0,0.0,2021,0.0,0.0,0.0,0.0,0.0,0.0,1.0,0.0
120,Florida,2010,0.0,0.0,0.0,0.0,0.0,1.0,0.0,0.0,2010,0.0,0.0,0.0,0.0,0.0,0.0,0.0,0.0
121,Florida,2011,0.0,0.0,0.0,0.0,0.0,1.0,0.0,0.0,2010,0.0,0.0,0.0,0.0,0.0,0.0,0.0,0.0
122,Florida,2012,1.0,0.0,0.0,0.0,0.0,1.0,0.0,0.0,2010,0.0,0.0,0.0,0.0,0.0,0.0,0.0,0.0
123,Florida,2013,1.0,0.0,0.0,0.0,0.0,1.0,0.0,0.0,2010,0.0,0.0,0.0,0.0,0.0,0.0,0.0,0.0
124,Florida,2014,1.0,0.0,0.0,0.0,0.0,2.0,0.0,0.0,2010,0.0,0.0,0.0,0.0,0.0,0.0,0.0,0.0
125,Florida,2015,1.0,0.0,0.0,0.0,0.0,2.0,0.0,0.0,2010,0.0,0.0,0.0,0.0,0.0,0.0,0.0,0.0
126,Florida,2016,2.0,0.0,0.0,0.0,0.0,2.0,0.0,0.0,2010,0.0,0.0,0.0,0.0,0.0,0.0,0.0,0.0
127,Florida,2017,2.0,0.0,0.0,0.0,0.0,2.0,0.0,0.0,2010,0.0,0.0,0.0,0.0,0.0,0.0,0.0,0.0
128,Florida,2018,2.0,0.0,0.0,0.0,0.0,2.0,0.0,0.0,2010,0.0,0.0,0.0,0.0,0.0,0.0,0.0,0.0
129,Florida,2019,2.0,0.0,0.0,0.0,0.0,2.0,0.0,0.0,2010,0.0,0.0,0.0,0.0,0.0,0.0,0.0,0.0
130,Florida,2020,4.0,0.0,0.0,0.0,0.0,2.0,0.0,0.0,2010,0.0,0.0,0.0,0.0,0.0,0.0,0.0,0.0
131,Florida,2021,3.0,0.0,0.0,0.0,0.0,2.0,0.0,0.0,2010,0.0,0.0,0.0,0.0,0.0,0.0,0.0,0.0
132,Florida,2022,3.0,0.0,0.0,1.0,0.0,2.0,0.0,0.0,2010,0.0,0.0,0.0,0.0,0.0,0.0,0.0,0.0
133,Florida,2023,2.0,0.0,0.0,1.0,0.0,2.0,0.0,0.0,2010,0.0,0.0,0.0,0.0,0.0,0.0,0.0,0.0
135,Georgia,2010,3.0,0.0,0.0,0.0,0.0,0.0,0.0,0.0,2010,0.0,0.0,0.0,0.0,0.0,2.0,0.0,0.0
136,Georgia,2011,3.0,0.0,0.0,0.0,0.0,0.0,0.0,0.0,2010,0.0,0.0,0.0,0.0,0.0,2.0,0.0,0.0
137,Georgia,2012,4.0,0.0,0.0,0.0,0.0,0.0,0.0,0.0,2010,0.0,0.0,0.0,0.0,0.0,2.0,0.0,0.0
138,Georgia,2013,4.0,0.0,0.0,0.0,0.0,0.0,0.0,0.0,2010,0.0,0.0,0.0,0.0,0.0,2.0,0.0,0.0
139,Georgia,2014,3.0,0.0,0.0,0.0,0.0,0.0,0.0,0.0,2010,0.0,0.0,0.0,0.0,0.0,2.0,0.0,0.0
140,Georgia,2015,3.0,0.0,0.0,0.0,0.0,0.0,0.0,0.0,2010,0.0,0.0,0.0,0.0,0.0,2.0,0.0,0.0
141,Georgia,2016,3.0,0.0,0.0,0.0,0.0,0.0,0.0,0.0,2010,0.0,0.0,0.0,0.0,0.0,2.0,0.0,0.0
142,Georgia,2017,5.0,0.0,0.0,0.0,0.0,0.0,0.0,0.0,2010,0.0,0.0,0.0,0.0,0.0,2.0,0.0,0.0
143,Georgia,2018,4.0,0.0,0.0,0.0,0.0,0.0,0.0,0.0,2010,0.0,0.0,0.0,0.0,0.0,2.0,0.0,0.0
144,Georgia,2019,5.0,0.0,0.0,0.0,0.0,0.0,0.0,0.0,2010,0.0,0.0,0.0,0.0,0.0,2.0,0.0,0.0
145,Georgia,2020,5.0,0.0,0.0,0.0,0.0,0.0,0.0,0.0,2010,0.0,0.0,0.0,0.0,0.0,2.0,0.0,0.0
146,Georgia,2021,6.0,0.0,0.0,0.0,0.0,0.0,0.0,0.0,2010,0.0,0.0,0.0,0.0,0.0,2.0,0.0,0.0
147,Georgia,2022,6.0,0.0,0.0,0.0,0.0,1.0,0.0,0.0,2010,0.0,0.0,0.0,0.0,0.0,2.0,0.0,0.0
148,Georgia,2023,7.0,0.0,0.0,0.0,0.0,1.0,0.0,0.0,2010,0.0,0.0,0.0,0.0,0.0,2.0,0.0,0.0
150,Guam,2010,0.0,0.0,1.0,0.0,0.0,0.0,0.0,0.0,2010,0.0,0.0,0.0,0.0,0.0,0.0,0.0,0.0
151,Guam,2011,0.0,0.0,1.0,0.0,0.0,0.0,0.0,0.0,2010,0.0,0.0,0.0,0.0,0.0,0.0,0.0,0.0
152,Guam,2012,0.0,0.0,1.0,0.0,0.0,0.0,0.0,0.0,2010,0.0,0.0,0.0,0.0,0.0,0.0,0.0,0.0
153,Guam,2013,0.0,0.0,1.0,0.0,0.0,0.0,0.0,0.0,2010,0.0,0.0,0.0,0.0,0.0,0.0,0.0,0.0
154,Guam,2014,0.0,0.0,1.0,0.0,0.0,0.0,0.0,0.0,2010,0.0,0.0,0.0,0.0,0.0,0.0,0.0,0.0
155,Guam,2015,0.0,0.0,1.0,0.0,0.0,0.0,0.0,0.0,2010,0.0,0.0,0.0,0.0,0.0,0.0,0.0,0.0
156,Guam,2016,0.0,0.0,1.0,0.0,0.0,0.0,0.0,0.0,2010,0.0,0.0,0.0,0.0,0.0,0.0,0.0,0.0
157,Guam,2017,0.0,0.0,1.0,0.0,0.0,0.0,0.0,0.0,2010,0.0,0.0,0.0,0.0,0.0,0.0,0.0,0.0
158,Guam,2018,0.0,0.0,1.0,0.0,0.0,0.0,0.0,0.0,2010,0.0,0.0,0.0,0.0,0.0,0.0,0.0,0.0
159,Guam,2019,0.0,0.0,2.0,0.0,0.0,0.0,0.0,0.0,2010,0.0,0.0,0.0,0.0,0.0,0.0,0.0,0.0
160,Guam,2020,0.0,0.0,2.0,0.0,0.0,0.0,0.0,0.0,2010,0.0,0.0,0.0,0.0,0.0,0.0,0.0,0.0
161,Guam,2021,0.0,0.0,2.0,0.0,0.0,0.0,0.0,0.0,2010,0.0,0.0,0.0,0.0,0.0,0.0,0.0,0.0
162,Guam,2022,0.0,0.0,2.0,0.0,0.0,0.0,0.0,0.0,2010,0.0,0.0,0.0,0.0,0.0,0.0,0.0,0.0
163,Guam,2023,0.0,0.0,2.0,0.0,0.0,0.0,0.0,0.0,2010,0.0,0.0,0.0,0.0,0.0,0.0,0.0,0.0
165,Hawaii,2010,1.0,0.0,1.0,0.0,0.0,0.0,0.0,0.0,2010,0.0,0.0,0.0,0.0,0.0,0.0,0.0,0.0
166,Hawaii,2011,1.0,0.0,1.0,0.0,0.0,0.0,0.0,0.0,2010,0.0,0.0,0.0,0.0,0.0,0.0,0.0,0.0
167,Hawaii,2012,0.0,0.0,0.0,0.0,0.0,0.0,0.0,0.0,2010,0.0,0.0,0.0,0.0,0.0,0.0,0.0,0.0
168,Hawaii,2013,0.0,0.0,0.0,0.0,0.0,0.0,0.0,0.0,2010,0.0,0.0,0.0,0.0,0.0,0.0,0.0,0.0
169,Hawaii,2014,0.0,0.0,0.0,0.0,0.0,0.0,0.0,0.0,2010,0.0,0.0,0.0,0.0,0.0,0.0,0.0,0.0
170,Hawaii,2015,0.0,0.0,0.0,0.0,0.0,0.0,0.0,0.0,2010,0.0,0.0,0.0,0.0,0.0,0.0,0.0,0.0
171,Hawaii,2016,0.0,0.0,0.0,0.0,0.0,0.0,0.0,0.0,2010,0.0,0.0,0.0,0.0,0.0,0.0,0.0,0.0
172,Hawaii,2017,0.0,0.0,0.0,0.0,0.0,0.0,0.0,0.0,2010,0.0,0.0,0.0,0.0,0.0,0.0,0.0,0.0
173,Hawaii,2018,0.0,0.0,0.0,0.0,0.0,0.0,0.0,0.0,2010,0.0,0.0,0.0,0.0,0.0,0.0,0.0,0.0
174,Hawaii,2019,0.0,0.0,0.0,0.0,0.0,0.0,0.0,0.0,2010,0.0,0.0,0.0,0.0,0.0,0.0,0.0,0.0
175,Hawaii,2020,0.0,0.0,0.0,0.0,0.0,0.0,0.0,0.0,2010,0.0,0.0,0.0,0.0,0.0,0.0,0.0,0.0
176,Hawaii,2021,0.0,0.0,0.0,0.0,0.0,0.0,0.0,0.0,2010,0.0,0.0,0.0,0.0,0.0,0.0,0.0,0.0
177,Hawaii,2022,0.0,0.0,0.0,0.0,0.0,0.0,0.0,0.0,2010,0.0,0.0,0.0,0.0,0.0,0.0,0.0,0.0
178,Hawaii,2023,0.0,0.0,0.0,0.0,0.0,0.0,0.0,0.0,2010,0.0,0.0,0.0,0.0,0.0,0.0,0.0,0.0
180,Idaho,2010,1.0,0.0,0.0,0.0,0.0,0.0,0.0,0.0,2010,2.0,0.0,0.0,0.0,0.0,0.0,0.0,0.0
181,Idaho,2011,1.0,0.0,0.0,0.0,0.0,0.0,0.0,0.0,2010,2.0,0.0,0.0,0.0,0.0,0.0,0.0,0.0
182,Idaho,2012,1.0,0.0,0.0,0.0,0.0,0.0,0.0,0.0,2010,2.0,0.0,0.0,0.0,0.0,0.0,0.0,0.0
183,Idaho,2013,0.0,0.0,0.0,0.0,0.0,0.0,0.0,0.0,2010,2.0,0.0,0.0,0.0,0.0,0.0,0.0,0.0
184,Idaho,2014,0.0,0.0,0.0,0.0,0.0,0.0,0.0,0.0,2010,2.0,0.0,0.0,0.0,0.0,0.0,0.0,0.0
185,Idaho,2015,0.0,0.0,0.0,0.0,0.0,0.0,0.0,0.0,2010,2.0,0.0,0.0,0.0,0.0,0.0,0.0,0.0
186,Idaho,2016,0.0,0.0,0.0,0.0,0.0,0.0,0.0,0.0,2010,2.0,0.0,0.0,0.0,0.0,0.0,0.0,0.0
187,Idaho,2017,0.0,0.0,0.0,0.0,0.0,0.0,0.0,0.0,2010,2.0,0.0,0.0,0.0,0.0,0.0,0.0,0.0
188,Idaho,2018,0.0,0.0,0.0,0.0,0.0,0.0,0.0,0.0,2010,2.0,0.0,0.0,0.0,0.0,0.0,0.0,0.0
189,Idaho,2019,0.0,0.0,0.0,0.0,0.0,0.0,0.0,0.0,2010,2.0,0.0,0.0,0.0,0.0,0.0,0.0,0.0
190,Idaho,2020,0.0,0.0,0.0,0.0,0.0,0.0,0.0,0.0,2010,2.0,0.0,0.0,0.0,0.0,0.0,0.0,0.0
191,Idaho,2021,0.0,0.0,0.0,0.0,0.0,0.0,0.0,0.0,2010,2.0,0.0,0.0,0.0,0.0,0.0,0.0,0.0
192,Idaho,2022,0.0,0.0,0.0,0.0,0.0,0.0,0.0,0.0,2010,2.0,0.0,0.0,0.0,0.0,0.0,0.0,0.0
193,Idaho,2023,0.0,0.0,0.0,0.0,0.0,0.0,0.0,0.0,2010,2.0,0.0,0.0,0.0,0.0,0.0,0.0,0.0
195,Illinois,2010,0.0,0.0,0.0,0.0,0.0,1.0,0.0,0.0,2010,2.0,0.0,0.0,0.0,0.0,0.0,0.0,0.0
196,Illinois,2011,0.0,0.0,0.0,0.0,0.0,1.0,0.0,0.0,2010,2.0,0.0,0.0,0.0,0.0,0.0,0.0,0.0
197,Illinois,2012,0.0,0.0,0.0,0.0,0.0,1.0,0.0,0.0,2010,2.0,0.0,0.0,0.0,0.0,0.0,0.0,0.0
198,Illinois,2013,0.0,0.0,0.0,0.0,0.0,1.0,0.0,0.0,2010,2.0,0.0,0.0,0.0,0.0,0.0,0.0,0.0
199,Illinois,2014,0.0,0.0,0.0,0.0,0.0,1.0,0.0,0.0,2010,2.0,0.0,0.0,0.0,0.0,0.0,0.0,0.0
200,Illinois,2015,0.0,0.0,0.0,0.0,0.0,3.0,0.0,0.0,2010,2.0,0.0,0.0,0.0,0.0,0.0,0.0,0.0
201,Illinois,2016,0.0,0.0,0.0,0.0,0.0,3.0,0.0,0.0,2010,2.0,0.0,0.0,0.0,0.0,0.0,0.0,0.0
202,Illinois,2017,0.0,0.0,0.0,0.0,0.0,3.0,0.0,0.0,2010,2.0,0.0,0.0,0.0,0.0,0.0,0.0,0.0
203,Illinois,2018,0.0,0.0,0.0,0.0,0.0,3.0,0.0,0.0,2010,2.0,0.0,0.0,0.0,0.0,0.0,0.0,0.0
204,Illinois,2019,1.0,0.0,0.0,1.0,0.0,5.0,0.0,0.0,2010,2.0,0.0,0.0,0.0,0.0,0.0,0.0,0.0
205,Illinois,2020,1.0,0.0,0.0,1.0,0.0,5.0,0.0,0.0,2010,2.0,0.0,0.0,0.0,0.0,0.0,0.0,0.0
206,Illinois,2021,1.0,0.0,0.0,1.0,0.0,5.0,0.0,0.0,2010,2.0,0.0,0.0,0.0,0.0,0.0,0.0,0.0
207,Illinois,2022,1.0,0.0,0.0,1.0,0.0,5.0,0.0,0.0,2010,2.0,0.0,0.0,0.0,0.0,0.0,0.0,0.0
208,Illinois,2023,1.0,0.0,0.0,1.0,0.0,5.0,0.0,0.0,2010,2.0,0.0,0.0,0.0,0.0,0.0,0.0,0.0
210,Indiana,2010,0.0,0.0,0.0,0.0,0.0,0.0,0.0,0.0,2012,0.0,0.0,0.0,0.0,0.0,0.0,0.0,0.0
211,Indiana,2011,0.0,0.0,0.0,0.0,0.0,0.0,0.0,0.0,2012,0.0,0.0,0.0,0.0,0.0,0.0,0.0,0.0
212,Indiana,2012,0.0,0.0,0.0,1.0,0.0,0.0,0.0,0.0,2012,0.0,0.0,0.0,0.0,0.0,0.0,0.0,0.0
213,Indiana,2013,0.0,0.0,0.0,1.0,0.0,0.0,0.0,0.0,2012,0.0,0.0,0.0,0.0,0.0,0.0,0.0,0.0
214,Indiana,2014,0.0,0.0,0.0,1.0,0.0,0.0,0.0,0.0,2012,0.0,0.0,0.0,0.0,0.0,0.0,0.0,0.0
215,Indiana,2015,0.0,0.0,0.0,1.0,0.0,0.0,0.0,0.0,2012,0.0,0.0,0.0,0.0,0.0,0.0,0.0,0.0
216,Indiana,2016,0.0,0.0,0.0,1.0,0.0,0.0,0.0,0.0,2012,0.0,0.0,0.0,0.0,0.0,0.0,0.0,0.0
217,Indiana,2017,0.0,0.0,0.0,1.0,0.0,0.0,0.0,0.0,2012,0.0,0.0,0.0,0.0,0.0,0.0,0.0,0.0
218,Indiana,2018,1.0,0.0,0.0,1.0,0.0,0.0,0.0,0.0,2012,0.0,0.0,0.0,0.0,0.0,0.0,0.0,0.0
219,Indiana,2019,1.0,0.0,0.0,1.0,0.0,0.0,0.0,0.0,2012,0.0,0.0,0.0,0.0,0.0,0.0,0.0,0.0
220,Indiana,2020,1.0,0.0,0.0,1.0,0.0,0.0,0.0,0.0,2012,0.0,0.0,0.0,0.0,0.0,0.0,0.0,0.0
221,Indiana,2021,1.0,0.0,0.0,0.0,0.0,0.0,0.0,0.0,2012,0.0,0.0,0.0,0.0,0.0,0.0,0.0,0.0
222,Indiana,2022,1.0,0.0,0.0,0.0,0.0,0.0,0.0,0.0,2012,0.0,0.0,0.0,0.0,0.0,0.0,0.0,0.0
223,Indiana,2023,1.0,0.0,0.0,0.0,0.0,0.0,0.0,0.0,2012,0.0,0.0,0.0,0.0,0.0,0.0,0.0,0.0
225,Iowa,2010,0.0,0.0,0.0,0.0,0.0,0.0,0.0,0.0,2015,0.0,0.0,0.0,0.0,1.0,0.0,0.0,0.0
226,Iowa,2011,0.0,0.0,0.0,0.0,0.0,0.0,0.0,0.0,2015,0.0,0.0,0.0,0.0,1.0,0.0,0.0,0.0
227,Iowa,2012,0.0,0.0,0.0,0.0,0.0,0.0,0.0,0.0,2015,0.0,0.0,0.0,0.0,1.0,0.0,0.0,0.0
228,Iowa,2013,0.0,0.0,0.0,0.0,0.0,0.0,0.0,0.0,2015,0.0,0.0,0.0,0.0,1.0,0.0,0.0,0.0
229,Iowa,2014,0.0,0.0,0.0,0.0,0.0,0.0,0.0,0.0,2015,0.0,0.0,0.0,0.0,1.0,0.0,0.0,0.0
230,Iowa,2015,1.0,0.0,0.0,0.0,0.0,0.0,0.0,0.0,2015,0.0,0.0,0.0,0.0,1.0,0.0,0.0,0.0
231,Iowa,2016,1.0,0.0,0.0,0.0,0.0,0.0,0.0,0.0,2015,0.0,0.0,0.0,0.0,1.0,0.0,0.0,0.0
232,Iowa,2017,1.0,0.0,0.0,0.0,0.0,0.0,0.0,0.0,2015,0.0,0.0,0.0,0.0,1.0,0.0,0.0,0.0
233,Iowa,2018,1.0,0.0,0.0,0.0,0.0,0.0,0.0,0.0,2015,0.0,0.0,0.0,0.0,1.0,0.0,0.0,0.0
234,Iowa,2019,1.0,0.0,0.0,0.0,0.0,0.0,0.0,0.0,2015,0.0,0.0,0.0,0.0,1.0,0.0,0.0,0.0
235,Iowa,2020,1.0,0.0,0.0,0.0,0.0,0.0,0.0,0.0,2015,0.0,0.0,0.0,0.0,1.0,0.0,0.0,0.0
236,Iowa,2021,1.0,0.0,0.0,0.0,0.0,0.0,0.0,0.0,2015,0.0,0.0,0.0,0.0,1.0,0.0,0.0,0.0
237,Iowa,2022,1.0,0.0,0.0,0.0,0.0,0.0,0.0,0.0,2015,0.0,0.0,0.0,0.0,1.0,0.0,0.0,0.0
238,Iowa,2023,2.0,0.0,0.0,0.0,0.0,0.0,0.0,0.0,2015,0.0,0.0,0.0,0.0,1.0,0.0,0.0,0.0
240,Kansas,2010,0.0,0.0,0.0,0.0,0.0,0.0,0.0,0.0,2019,0.0,0.0,0.0,0.0,0.0,0.0,0.0,0.0
241,Kansas,2011,0.0,0.0,0.0,0.0,0.0,0.0,0.0,0.0,2019,0.0,0.0,0.0,0.0,0.0,0.0,0.0,0.0
242,Kansas,2012,0.0,0.0,0.0,0.0,0.0,0.0,0.0,0.0,2019,0.0,0.0,0.0,0.0,0.0,0.0,0.0,0.0
243,Kansas,2013,0.0,0.0,0.0,0.0,0.0,0.0,0.0,0.0,2019,0.0,0.0,0.0,0.0,0.0,0.0,0.0,0.0
244,Kansas,2014,0.0,0.0,0.0,0.0,0.0,0.0,0.0,0.0,2019,0.0,0.0,0.0,0.0,0.0,0.0,0.0,0.0
245,Kansas,2015,0.0,0.0,0.0,0.0,0.0,0.0,0.0,0.0,2019,0.0,0.0,0.0,0.0,0.0,0.0,0.0,0.0
246,Kansas,2016,0.0,0.0,0.0,0.0,0.0,0.0,0.0,0.0,2019,0.0,0.0,0.0,0.0,0.0,0.0,0.0,0.0
247,Kansas,2017,0.0,0.0,0.0,0.0,0.0,0.0,0.0,0.0,2019,0.0,0.0,0.0,0.0,0.0,0.0,0.0,0.0
248,Kansas,2018,0.0,0.0,0.0,0.0,0.0,0.0,0.0,0.0,2019,0.0,0.0,0.0,0.0,0.0,0.0,0.0,0.0
249,Kansas,2019,1.0,0.0,0.0,0.0,0.0,0.0,0.0,0.0,2019,0.0,0.0,0.0,0.0,0.0,0.0,0.0,0.0
250,Kansas,2020,1.0,0.0,0.0,0.0,0.0,0.0,0.0,0.0,2019,0.0,0.0,0.0,0.0,0.0,0.0,0.0,0.0
251,Kansas,2021,2.0,0.0,0.0,0.0,0.0,0.0,0.0,0.0,2019,0.0,0.0,0.0,0.0,0.0,0.0,0.0,0.0
252,Kansas,2022,2.0,0.0,0.0,0.0,0.0,0.0,0.0,0.0,2019,0.0,0.0,0.0,0.0,0.0,0.0,0.0,0.0
253,Kansas,2023,2.0,0.0,0.0,0.0,0.0,0.0,0.0,0.0,2019,0.0,0.0,0.0,0.0,0.0,0.0,0.0,0.0
255,Kentucky,2010,0.0,0.0,0.0,0.0,0.0,0.0,0.0,0.0,2011,0.0,0.0,0.0,0.0,0.0,0.0,0.0,0.0
256,Kentucky,2011,0.0,0.0,0.0,1.0,0.0,0.0,0.0,0.0,2011,0.0,0.0,0.0,0.0,0.0,0.0,0.0,0.0
257,Kentucky,2012,0.0,0.0,0.0,1.0,0.0,0.0,0.0,0.0,2011,0.0,0.0,0.0,0.0,0.0,0.0,0.0,0.0
258,Kentucky,2013,0.0,0.0,0.0,1.0,0.0,0.0,0.0,0.0,2011,0.0,0.0,0.0,0.0,0.0,0.0,0.0,0.0
259,Kentucky,2014,0.0,0.0,0.0,1.0,0.0,0.0,0.0,0.0,2011,0.0,0.0,0.0,0.0,0.0,0.0,0.0,0.0
260,Kentucky,2015,0.0,0.0,0.0,1.0,0.0,0.0,0.0,0.0,2011,0.0,0.0,0.0,0.0,0.0,0.0,0.0,0.0
261,Kentucky,2016,0.0,0.0,0.0,1.0,0.0,0.0,0.0,0.0,2011,0.0,0.0,0.0,0.0,0.0,0.0,0.0,0.0
262,Kentucky,2017,0.0,0.0,0.0,1.0,0.0,0.0,0.0,0.0,2011,0.0,0.0,0.0,0.0,0.0,0.0,0.0,0.0
263,Kentucky,2018,0.0,0.0,0.0,1.0,0.0,0.0,0.0,0.0,2011,0.0,0.0,0.0,0.0,0.0,0.0,0.0,0.0
264,Kentucky,2019,0.0,0.0,0.0,1.0,0.0,0.0,0.0,0.0,2011,0.0,0.0,0.0,0.0,0.0,0.0,0.0,0.0
265,Kentucky,2020,0.0,0.0,0.0,0.0,0.0,0.0,0.0,0.0,2011,0.0,0.0,0.0,0.0,0.0,0.0,0.0,0.0
266,Kentucky,2021,0.0,0.0,0.0,0.0,0.0,0.0,0.0,0.0,2011,0.0,0.0,0.0,0.0,0.0,0.0,0.0,0.0
267,Kentucky,2022,1.0,0.0,0.0,0.0,0.0,0.0,0.0,0.0,2011,0.0,0.0,0.0,0.0,0.0,0.0,0.0,0.0
268,Kentucky,2023,1.0,0.0,0.0,0.0,0.0,0.0,0.0,0.0,2011,0.0,0.0,0.0,0.0,0.0,0.0,0.0,0.0
270,Maine,2010,2.0,0.0,0.0,0.0,0.0,0.0,0.0,0.0,2010,6.0,0.0,1.0,0.0,0.0,1.0,0.0,0.0
271,Maine,2011,2.0,0.0,0.0,0.0,0.0,0.0,0.0,0.0,2010,6.0,0.0,1.0,0.0,0.0,1.0,0.0,0.0
272,Maine,2012,1.0,0.0,0.0,0.0,0.0,0.0,0.0,0.0,2010,6.0,0.0,1.0,0.0,0.0,1.0,0.0,0.0
273,Maine,2013,0.0,0.0,0.0,0.0,0.0,0.0,0.0,0.0,2010,6.0,0.0,1.0,0.0,0.0,1.0,0.0,0.0
274,Maine,2014,1.0,0.0,0.0,0.0,0.0,0.0,0.0,0.0,2010,6.0,0.0,1.0,0.0,0.0,1.0,0.0,0.0
275,Maine,2015,1.0,0.0,0.0,0.0,0.0,0.0,0.0,0.0,2010,6.0,0.0,1.0,0.0,0.0,1.0,0.0,0.0
276,Maine,2016,2.0,0.0,0.0,0.0,0.0,0.0,0.0,0.0,2010,6.0,0.0,1.0,0.0,0.0,1.0,0.0,0.0
277,Maine,2017,2.0,0.0,0.0,0.0,0.0,0.0,0.0,0.0,2010,6.0,0.0,1.0,0.0,0.0,1.0,0.0,0.0
278,Maine,2018,2.0,0.0,0.0,0.0,0.0,0.0,0.0,0.0,2010,6.0,0.0,1.0,0.0,0.0,1.0,0.0,0.0
279,Maine,2019,2.0,0.0,0.0,0.0,0.0,0.0,0.0,0.0,2010,6.0,0.0,1.0,0.0,0.0,1.0,0.0,0.0
280,Maine,2020,4.0,0.0,0.0,0.0,0.0,0.0,0.0,0.0,2010,6.0,0.0,1.0,0.0,0.0,1.0,0.0,0.0
281,Maine,2021,4.0,0.0,0.0,0.0,0.0,0.0,0.0,0.0,2010,6.0,0.0,1.0,0.0,0.0,1.0,0.0,0.0
282,Maine,2022,3.0,0.0,0.0,0.0,0.0,0.0,0.0,0.0,2010,6.0,0.0,1.0,0.0,0.0,1.0,0.0,0.0
283,Maine,2023,1.0,0.0,0.0,0.0,0.0,0.0,0.0,0.0,2010,6.0,0.0,1.0,0.0,0.0,1.0,0.0,0.0
285,Maryland,2010,5.0,0.0,0.0,0.0,0.0,1.0,0.0,0.0,2010,2.0,0.0,0.0,0.0,0.0,1.0,0.0,0.0
286,Maryland,2011,8.0,0.0,0.0,0.0,0.0,1.0,0.0,0.0,2010,2.0,0.0,0.0,0.0,0.0,1.0,0.0,0.0
287,Maryland,2012,8.0,0.0,0.0,0.0,0.0,1.0,0.0,0.0,2010,2.0,0.0,0.0,0.0,0.0,1.0,0.0,0.0
288,Maryland,2013,8.0,0.0,0.0,0.0,0.0,1.0,0.0,0.0,2010,2.0,0.0,0.0,0.0,0.0,1.0,0.0,0.0
289,Maryland,2014,8.0,0.0,0.0,0.0,0.0,1.0,0.0,0.0,2010,2.0,0.0,0.0,0.0,0.0,1.0,0.0,0.0
290,Maryland,2015,8.0,1.0,0.0,0.0,0.0,1.0,0.0,0.0,2010,2.0,0.0,0.0,0.0,0.0,1.0,0.0,0.0
291,Maryland,2016,7.0,1.0,0.0,0.0,0.0,0.0,0.0,0.0,2010,2.0,0.0,0.0,0.0,0.0,1.0,0.0,0.0
292,Maryland,2017,7.0,1.0,0.0,0.0,0.0,0.0,0.0,0.0,2010,2.0,0.0,0.0,0.0,0.0,1.0,0.0,0.0
293,Maryland,2018,7.0,1.0,0.0,0.0,0.0,0.0,0.0,0.0,2010,2.0,0.0,0.0,0.0,0.0,1.0,0.0,0.0
294,Maryland,2019,9.0,1.0,0.0,0.0,0.0,0.0,0.0,0.0,2010,2.0,0.0,0.0,0.0,0.0,1.0,0.0,0.0
295,Maryland,2020,6.0,0.0,0.0,0.0,0.0,0.0,0.0,0.0,2010,2.0,0.0,0.0,0.0,0.0,1.0,0.0,0.0
296,Maryland,2021,6.0,0.0,0.0,0.0,0.0,0.0,0.0,0.0,2010,2.0,0.0,0.0,0.0,0.0,1.0,0.0,0.0
297,Maryland,2022,6.0,0.0,0.0,0.0,0.0,0.0,0.0,0.0,2010,2.0,0.0,0.0,0.0,0.0,1.0,0.0,0.0
298,Maryland,2023,9.0,0.0,2.0,0.0,0.0,0.0,0.0,0.0,2010,2.0,0.0,0.0,0.0,0.0,1.0,0.0,0.0
300,Massachusetts,2010,1.0,1.0,0.0,1.0,0.0,0.0,0.0,0.0,2010,4.0,6.0,0.0,2.0,0.0,0.0,0.0,0.0
301,Massachusetts,2011,1.0,1.0,0.0,1.0,0.0,0.0,0.0,0.0,2010,4.0,6.0,0.0,2.0,0.0,0.0,0.0,0.0
302,Massachusetts,2012,1.0,0.0,0.0,0.0,0.0,0.0,0.0,0.0,2010,4.0,6.0,0.0,2.0,0.0,0.0,0.0,0.0
303,Massachusetts,2013,1.0,0.0,0.0,0.0,0.0,1.0,0.0,0.0,2010,4.0,6.0,0.0,2.0,0.0,0.0,0.0,0.0
304,Massachusetts,2014,1.0,0.0,0.0,0.0,0.0,1.0,0.0,0.0,2010,4.0,6.0,0.0,2.0,0.0,0.0,0.0,0.0
305,Massachusetts,2015,2.0,0.0,1.0,0.0,0.0,1.0,0.0,0.0,2010,4.0,6.0,0.0,2.0,0.0,0.0,0.0,0.0
306,Massachusetts,2016,2.0,0.0,1.0,0.0,0.0,1.0,0.0,0.0,2010,4.0,6.0,0.0,2.0,0.0,0.0,0.0,0.0
307,Massachusetts,2017,2.0,0.0,1.0,0.0,0.0,1.0,0.0,0.0,2010,4.0,6.0,0.0,2.0,0.0,0.0,0.0,0.0
308,Massachusetts,2018,1.0,0.0,1.0,0.0,0.0,1.0,0.0,0.0,2010,4.0,6.0,0.0,2.0,0.0,0.0,0.0,0.0
309,Massachusetts,2019,0.0,0.0,1.0,0.0,0.0,1.0,1.0,0.0,2010,4.0,6.0,0.0,2.0,0.0,0.0,0.0,0.0
310,Massachusetts,2020,0.0,0.0,1.0,0.0,0.0,1.0,1.0,0.0,2010,4.0,6.0,0.0,2.0,0.0,0.0,0.0,0.0
311,Massachusetts,2021,1.0,0.0,1.0,0.0,0.0,1.0,0.0,0.0,2010,4.0,6.0,0.0,2.0,0.0,0.0,0.0,0.0
312,Massachusetts,2022,1.0,0.0,1.0,0.0,0.0,1.0,0.0,0.0,2010,4.0,6.0,0.0,2.0,0.0,0.0,0.0,0.0
313,Massachusetts,2023,1.0,0.0,1.0,0.0,0.0,1.0,0.0,0.0,2010,4.0,6.0,0.0,2.0,0.0,0.0,0.0,0.0
315,Michigan,2010,0.0,0.0,0.0,0.0,0.0,0.0,0.0,0.0,2019,2.0,0.0,0.0,0.0,0.0,0.0,0.0,0.0
316,Michigan,2011,0.0,0.0,0.0,0.0,0.0,0.0,0.0,0.0,2019,2.0,0.0,0.0,0.0,0.0,0.0,0.0,0.0
317,Michigan,2012,0.0,0.0,0.0,0.0,0.0,0.0,0.0,0.0,2019,2.0,0.0,0.0,0.0,0.0,0.0,0.0,0.0
318,Michigan,2013,0.0,0.0,0.0,0.0,0.0,0.0,0.0,0.0,2019,2.0,0.0,0.0,0.0,0.0,0.0,0.0,0.0
319,Michigan,2014,0.0,0.0,0.0,0.0,0.0,0.0,0.0,0.0,2019,2.0,0.0,0.0,0.0,0.0,0.0,0.0,0.0
320,Michigan,2015,0.0,0.0,0.0,0.0,0.0,0.0,0.0,0.0,2019,2.0,0.0,0.0,0.0,0.0,0.0,0.0,0.0
321,Michigan,2016,0.0,0.0,0.0,0.0,0.0,0.0,0.0,0.0,2019,2.0,0.0,0.0,0.0,0.0,0.0,0.0,0.0
322,Michigan,2017,0.0,0.0,0.0,0.0,0.0,0.0,0.0,0.0,2019,2.0,0.0,0.0,0.0,0.0,0.0,0.0,0.0
323,Michigan,2018,0.0,0.0,0.0,0.0,0.0,0.0,0.0,0.0,2019,2.0,0.0,0.0,0.0,0.0,0.0,0.0,0.0
324,Michigan,2019,0.0,0.0,1.0,0.0,0.0,0.0,0.0,0.0,2019,2.0,0.0,0.0,0.0,0.0,0.0,0.0,0.0
325,Michigan,2020,0.0,0.0,1.0,0.0,0.0,0.0,0.0,0.0,2019,2.0,0.0,0.0,0.0,0.0,0.0,0.0,0.0
326,Michigan,2021,0.0,0.0,1.0,0.0,0.0,0.0,0.0,0.0,2019,2.0,0.0,0.0,0.0,0.0,0.0,0.0,0.0
327,Michigan,2022,0.0,0.0,1.0,0.0,0.0,0.0,0.0,0.0,2019,2.0,0.0,0.0,0.0,0.0,0.0,0.0,0.0
328,Michigan,2023,2.0,0.0,1.0,0.0,0.0,0.0,0.0,0.0,2019,2.0,0.0,0.0,0.0,0.0,0.0,0.0,0.0
330,Minnesota,2010,0.0,0.0,0.0,0.0,0.0,1.0,0.0,0.0,2010,4.0,0.0,0.0,0.0,0.0,0.0,1.0,0.0
331,Minnesota,2011,0.0,0.0,0.0,0.0,0.0,1.0,0.0,0.0,2010,4.0,0.0,0.0,0.0,0.0,0.0,1.0,0.0
332,Minnesota,2012,0.0,0.0,0.0,0.0,0.0,1.0,0.0,0.0,2010,4.0,0.0,0.0,0.0,0.0,0.0,1.0,0.0
333,Minnesota,2013,0.0,0.0,0.0,0.0,0.0,1.0,0.0,0.0,2010,4.0,0.0,0.0,0.0,0.0,0.0,1.0,0.0
334,Minnesota,2014,0.0,0.0,0.0,0.0,0.0,1.0,0.0,0.0,2010,4.0,0.0,0.0,0.0,0.0,0.0,1.0,0.0
335,Minnesota,2015,0.0,0.0,0.0,0.0,0.0,0.0,0.0,0.0,2010,4.0,0.0,0.0,0.0,0.0,0.0,1.0,0.0
336,Minnesota,2016,0.0,0.0,0.0,0.0,0.0,0.0,0.0,0.0,2010,4.0,0.0,0.0,0.0,0.0,0.0,1.0,0.0
337,Minnesota,2017,1.0,0.0,0.0,0.0,0.0,0.0,0.0,0.0,2010,4.0,0.0,0.0,0.0,0.0,0.0,1.0,0.0
338,Minnesota,2018,1.0,0.0,0.0,0.0,0.0,3.0,0.0,0.0,2010,4.0,0.0,0.0,0.0,0.0,0.0,1.0,0.0
339,Minnesota,2019,1.0,0.0,0.0,0.0,0.0,3.0,0.0,0.0,2010,4.0,0.0,0.0,0.0,0.0,0.0,1.0,0.0
340,Minnesota,2020,0.0,0.0,0.0,0.0,0.0,3.0,0.0,0.0,2010,4.0,0.0,0.0,0.0,0.0,0.0,1.0,0.0
341,Minnesota,2021,0.0,0.0,0.0,0.0,0.0,3.0,0.0,0.0,2010,4.0,0.0,0.0,0.0,0.0,0.0,1.0,0.0
342,Minnesota,2022,0.0,0.0,0.0,0.0,0.0,4.0,0.0,0.0,2010,4.0,0.0,0.0,0.0,0.0,0.0,1.0,0.0
343,Minnesota,2023,3.0,0.0,0.0,0.0,0.0,2.0,0.0,0.0,2010,4.0,0.0,0.0,0.0,0.0,0.0,1.0,0.0
345,Missouri,2010,1.0,0.0,0.0,0.0,0.0,0.0,0.0,0.0,2010,2.0,0.0,0.0,0.0,0.0,0.0,0.0,0.0
346,Missouri,2011,1.0,0.0,0.0,0.0,0.0,0.0,0.0,0.0,2010,2.0,0.0,0.0,0.0,0.0,0.0,0.0,0.0
347,Missouri,2012,1.0,0.0,0.0,0.0,0.0,0.0,0.0,0.0,2010,2.0,0.0,0.0,0.0,0.0,0.0,0.0,0.0
348,Missouri,2013,1.0,0.0,0.0,0.0,0.0,0.0,0.0,0.0,2010,2.0,0.0,0.0,0.0,0.0,0.0,0.0,0.0
349,Missouri,2014,1.0,0.0,0.0,0.0,0.0,0.0,0.0,0.0,2010,2.0,0.0,0.0,0.0,0.0,0.0,0.0,0.0
350,Missouri,2015,1.0,0.0,0.0,0.0,0.0,1.0,0.0,0.0,2010,2.0,0.0,0.0,0.0,0.0,0.0,0.0,0.0
351,Missouri,2016,0.0,0.0,0.0,0.0,0.0,1.0,0.0,0.0,2010,2.0,0.0,0.0,0.0,0.0,0.0,0.0,0.0
352,Missouri,2017,0.0,0.0,0.0,0.0,0.0,1.0,0.0,0.0,2010,2.0,0.0,0.0,0.0,0.0,0.0,0.0,0.0
353,Missouri,2018,0.0,0.0,0.0,0.0,0.0,1.0,0.0,0.0,2010,2.0,0.0,0.0,0.0,0.0,0.0,0.0,0.0
354,Missouri,2019,1.0,0.0,0.0,0.0,0.0,1.0,0.0,0.0,2010,2.0,0.0,0.0,0.0,0.0,0.0,0.0,0.0
355,Missouri,2020,1.0,0.0,0.0,0.0,0.0,1.0,0.0,0.0,2010,2.0,0.0,0.0,0.0,0.0,0.0,0.0,0.0
356,Missouri,2021,1.0,0.0,0.0,0.0,0.0,0.0,0.0,0.0,2010,2.0,0.0,0.0,0.0,0.0,0.0,0.0,0.0
357,Missouri,2022,1.0,0.0,0.0,0.0,0.0,0.0,0.0,0.0,2010,2.0,0.0,0.0,0.0,0.0,0.0,0.0,0.0
358,Missouri,2023,1.0,0.0,0.0,0.0,0.0,0.0,0.0,0.0,2010,2.0,0.0,0.0,0.0,0.0,0.0,0.0,0.0
360,Montana,2010,1.0,0.0,0.0,0.0,0.0,0.0,0.0,0.0,2010,4.0,0.0,0.0,0.0,0.0,0.0,0.0,0.0
361,Montana,2011,1.0,0.0,0.0,0.0,0.0,0.0,0.0,0.0,2010,4.0,0.0,0.0,0.0,0.0,0.0,0.0,0.0
362,Montana,2012,1.0,0.0,0.0,0.0,0.0,0.0,0.0,0.0,2010,4.0,0.0,0.0,0.0,0.0,0.0,0.0,0.0
363,Montana,2013,1.0,0.0,0.0,0.0,0.0,0.0,0.0,0.0,2010,4.0,0.0,0.0,0.0,0.0,0.0,0.0,0.0
364,Montana,2014,1.0,0.0,0.0,0.0,0.0,0.0,0.0,0.0,2010,4.0,0.0,0.0,0.0,0.0,0.0,0.0,0.0
365,Montana,2015,2.0,0.0,0.0,0.0,0.0,0.0,0.0,0.0,2010,4.0,0.0,0.0,0.0,0.0,0.0,0.0,0.0
366,Montana,2016,2.0,0.0,0.0,0.0,0.0,0.0,0.0,0.0,2010,4.0,0.0,0.0,0.0,0.0,0.0,0.0,0.0
367,Montana,2017,3.0,0.0,0.0,0.0,0.0,0.0,0.0,0.0,2010,4.0,0.0,0.0,0.0,0.0,0.0,0.0,0.0
368,Montana,2018,2.0,0.0,0.0,0.0,0.0,0.0,0.0,0.0,2010,4.0,0.0,0.0,0.0,0.0,0.0,0.0,0.0
369,Montana,2019,2.0,0.0,0.0,0.0,0.0,0.0,0.0,0.0,2010,4.0,0.0,0.0,0.0,0.0,0.0,0.0,0.0
370,Montana,2020,2.0,0.0,0.0,0.0,0.0,0.0,0.0,0.0,2010,4.0,0.0,0.0,0.0,0.0,0.0,0.0,0.0
371,Montana,2021,2.0,0.0,0.0,0.0,0.0,0.0,0.0,0.0,2010,4.0,0.0,0.0,0.0,0.0,0.0,0.0,0.0
372,Montana,2022,2.0,0.0,0.0,0.0,0.0,0.0,0.0,0.0,2010,4.0,0.0,0.0,0.0,0.0,0.0,0.0,0.0
373,Montana,2023,3.0,0.0,0.0,0.0,0.0,0.0,0.0,0.0,2010,4.0,0.0,0.0,0.0,0.0,0.0,0.0,0.0
375,Nevada,2010,1.0,0.0,0.0,0.0,0.0,0.0,0.0,0.0,2010,2.0,0.0,0.0,0.0,0.0,0.0,0.0,0.0
376,Nevada,2011,1.0,0.0,0.0,0.0,0.0,0.0,0.0,0.0,2010,2.0,0.0,0.0,0.0,0.0,0.0,0.0,0.0
377,Nevada,2012,2.0,0.0,0.0,0.0,0.0,0.0,0.0,0.0,2010,2.0,0.0,0.0,0.0,0.0,0.0,0.0,0.0
378,Nevada,2013,2.0,0.0,0.0,0.0,0.0,0.0,0.0,0.0,2010,2.0,0.0,0.0,0.0,0.0,0.0,0.0,0.0
379,Nevada,2014,2.0,0.0,0.0,0.0,0.0,0.0,0.0,0.0,2010,2.0,0.0,0.0,0.0,0.0,0.0,0.0,0.0
380,Nevada,2015,2.0,0.0,0.0,0.0,0.0,0.0,0.0,0.0,2010,2.0,0.0,0.0,0.0,0.0,0.0,0.0,0.0
381,Nevada,2016,2.0,0.0,0.0,0.0,0.0,0.0,0.0,0.0,2010,2.0,0.0,0.0,0.0,0.0,0.0,0.0,0.0
382,Nevada,2017,2.0,0.0,0.0,0.0,0.0,0.0,0.0,0.0,2010,2.0,0.0,0.0,0.0,0.0,0.0,0.0,0.0
383,Nevada,2018,2.0,0.0,0.0,0.0,0.0,0.0,0.0,0.0,2010,2.0,0.0,0.0,0.0,0.0,0.0,0.0,0.0
384,Nevada,2019,2.0,0.0,0.0,0.0,0.0,0.0,0.0,0.0,2010,2.0,0.0,0.0,0.0,0.0,0.0,0.0,0.0
385,Nevada,2020,2.0,0.0,0.0,0.0,0.0,0.0,0.0,0.0,2010,2.0,0.0,0.0,0.0,0.0,0.0,0.0,0.0
386,Nevada,2021,1.0,0.0,0.0,0.0,0.0,0.0,0.0,0.0,2010,2.0,0.0,0.0,0.0,0.0,0.0,0.0,0.0
387,Nevada,2022,1.0,0.0,0.0,0.0,0.0,0.0,0.0,0.0,2010,2.0,0.0,0.0,0.0,0.0,0.0,0.0,0.0
388,Nevada,2023,2.0,0.0,0.0,0.0,0.0,0.0,0.0,0.0,2010,2.0,0.0,0.0,0.0,0.0,0.0,0.0,0.0
390,New Hampshire,2010,1.0,0.0,0.0,0.0,0.0,0.0,0.0,0.0,2010,12.0,2.0,0.0,0.0,0.0,0.0,0.0,0.0
391,New Hampshire,2011,1.0,0.0,0.0,0.0,0.0,0.0,0.0,0.0,2010,12.0,2.0,0.0,0.0,0.0,0.0,0.0,0.0
392,New Hampshire,2012,1.0,0.0,0.0,0.0,0.0,0.0,0.0,0.0,2010,12.0,2.0,0.0,0.0,0.0,0.0,0.0,0.0
393,New Hampshire,2013,1.0,0.0,0.0,0.0,0.0,0.0,0.0,0.0,2010,12.0,2.0,0.0,0.0,0.0,0.0,0.0,0.0
394,New Hampshire,2014,2.0,0.0,0.0,0.0,0.0,0.0,0.0,0.0,2010,12.0,2.0,0.0,0.0,0.0,0.0,0.0,0.0
395,New Hampshire,2015,2.0,0.0,0.0,0.0,0.0,0.0,0.0,0.0,2010,12.0,2.0,0.0,0.0,0.0,0.0,0.0,0.0
396,New Hampshire,2016,2.0,1.0,0.0,0.0,0.0,0.0,0.0,0.0,2010,12.0,2.0,0.0,0.0,0.0,0.0,0.0,0.0
397,New Hampshire,2017,2.0,1.0,0.0,0.0,0.0,0.0,0.0,0.0,2010,12.0,2.0,0.0,0.0,0.0,0.0,0.0,0.0
398,New Hampshire,2018,6.0,1.0,0.0,0.0,0.0,0.0,0.0,0.0,2010,12.0,2.0,0.0,0.0,0.0,0.0,0.0,0.0
399,New Hampshire,2019,5.0,0.0,0.0,0.0,0.0,0.0,0.0,0.0,2010,12.0,2.0,0.0,0.0,0.0,0.0,0.0,0.0
400,New Hampshire,2020,6.0,0.0,0.0,0.0,0.0,0.0,0.0,0.0,2010,12.0,2.0,0.0,0.0,0.0,0.0,0.0,0.0
401,New Hampshire,2021,5.0,0.0,0.0,0.0,0.0,0.0,0.0,0.0,2010,12.0,2.0,0.0,0.0,0.0,0.0,0.0,0.0
402,New Hampshire,2022,6.0,0.0,0.0,0.0,0.0,0.0,0.0,0.0,2010,12.0,2.0,0.0,0.0,0.0,0.0,0.0,0.0
403,New Hampshire,2023,4.0,0.0,0.0,0.0,0.0,0.0,0.0,0.0,2010,12.0,2.0,0.0,0.0,0.0,0.0,0.0,0.0
405,New Jersey,2010,1.0,0.0,0.0,1.0,0.0,0.0,0.0,0.0,2010,0.0,0.0,1.0,0.0,0.0,3.0,0.0,0.0
406,New Jersey,2011,1.0,0.0,0.0,1.0,0.0,0.0,0.0,0.0,2010,0.0,0.0,1.0,0.0,0.0,3.0,0.0,0.0
407,New Jersey,2012,2.0,0.0,0.0,0.0,0.0,0.0,0.0,0.0,2010,0.0,0.0,1.0,0.0,0.0,3.0,0.0,0.0
408,New Jersey,2013,2.0,0.0,0.0,0.0,0.0,0.0,0.0,0.0,2010,0.0,0.0,1.0,0.0,0.0,3.0,0.0,0.0
409,New Jersey,2014,2.0,0.0,0.0,0.0,0.0,0.0,0.0,0.0,2010,0.0,0.0,1.0,0.0,0.0,3.0,0.0,0.0
410,New Jersey,2015,2.0,0.0,0.0,0.0,0.0,0.0,0.0,0.0,2010,0.0,0.0,1.0,0.0,0.0,3.0,0.0,0.0
411,New Jersey,2016,2.0,0.0,0.0,0.0,0.0,0.0,0.0,0.0,2010,0.0,0.0,1.0,0.0,0.0,3.0,0.0,0.0
412,New Jersey,2017,2.0,0.0,0.0,1.0,0.0,1.0,0.0,0.0,2010,0.0,0.0,1.0,0.0,0.0,3.0,0.0,0.0
413,New Jersey,2018,2.0,0.0,0.0,2.0,0.0,1.0,0.0,0.0,2010,0.0,0.0,1.0,0.0,0.0,3.0,0.0,0.0
414,New Jersey,2019,0.0,0.0,0.0,3.0,0.0,2.0,0.0,0.0,2010,0.0,0.0,1.0,0.0,0.0,3.0,0.0,0.0
415,New Jersey,2020,0.0,0.0,0.0,2.0,0.0,1.0,0.0,0.0,2010,0.0,0.0,1.0,0.0,0.0,3.0,0.0,0.0
416,New Jersey,2021,0.0,0.0,0.0,2.0,0.0,1.0,0.0,0.0,2010,0.0,0.0,1.0,0.0,0.0,3.0,0.0,0.0
417,New Jersey,2022,0.0,0.0,0.0,2.0,0.0,1.0,0.0,0.0,2010,0.0,0.0,1.0,0.0,0.0,3.0,0.0,0.0
418,New Jersey,2023,0.0,0.0,0.0,2.0,0.0,1.0,0.0,0.0,2010,0.0,0.0,1.0,0.0,0.0,3.0,0.0,0.0
420,New Mexico,2010,0.0,0.0,0.0,0.0,0.0,0.0,1.0,0.0,2010,0.0,0.0,0.0,0.0,0.0,0.0,0.0,0.0
421,New Mexico,2011,0.0,0.0,0.0,0.0,0.0,0.0,1.0,0.0,2010,0.0,0.0,0.0,0.0,0.0,0.0,0.0,0.0
422,New Mexico,2012,0.0,0.0,0.0,0.0,0.0,0.0,0.0,0.0,2010,0.0,0.0,0.0,0.0,0.0,0.0,0.0,0.0
423,New Mexico,2013,0.0,0.0,0.0,0.0,0.0,0.0,0.0,0.0,2010,0.0,0.0,0.0,0.0,0.0,0.0,0.0,0.0
424,New Mexico,2014,0.0,0.0,0.0,0.0,0.0,0.0,0.0,0.0,2010,0.0,0.0,0.0,0.0,0.0,0.0,0.0,0.0
425,New Mexico,2015,0.0,0.0,0.0,0.0,0.0,0.0,0.0,0.0,2010,0.0,0.0,0.0,0.0,0.0,0.0,0.0,0.0
426,New Mexico,2016,0.0,0.0,0.0,0.0,0.0,0.0,0.0,0.0,2010,0.0,0.0,0.0,0.0,0.0,0.0,0.0,0.0
427,New Mexico,2017,0.0,0.0,0.0,0.0,0.0,0.0,0.0,0.0,2010,0.0,0.0,0.0,0.0,0.0,0.0,0.0,0.0
428,New Mexico,2018,0.0,0.0,0.0,0.0,0.0,0.0,0.0,0.0,2010,0.0,0.0,0.0,0.0,0.0,0.0,0.0,0.0
429,New Mexico,2019,0.0,0.0,0.0,0.0,0.0,0.0,0.0,0.0,2010,0.0,0.0,0.0,0.0,0.0,0.0,0.0,0.0
430,New Mexico,2020,0.0,0.0,0.0,0.0,0.0,0.0,0.0,0.0,2010,0.0,0.0,0.0,0.0,0.0,0.0,0.0,0.0
431,New Mexico,2021,0.0,0.0,0.0,0.0,0.0,0.0,0.0,0.0,2010,0.0,0.0,0.0,0.0,0.0,0.0,0.0,0.0
432,New Mexico,2022,0.0,0.0,0.0,0.0,0.0,0.0,0.0,0.0,2010,0.0,0.0,0.0,0.0,0.0,0.0,0.0,0.0
433,New Mexico,2023,0.0,0.0,0.0,0.0,0.0,0.0,0.0,0.0,2010,0.0,0.0,0.0,0.0,0.0,0.0,0.0,0.0
435,New York,2010,2.0,0.0,0.0,0.0,0.0,2.0,0.0,0.0,2010,0.0,0.0,0.0,1.0,0.0,4.0,0.0,0.0
436,New York,2011,2.0,0.0,0.0,0.0,0.0,2.0,0.0,0.0,2010,0.0,0.0,0.0,1.0,0.0,4.0,0.0,0.0
437,New York,2012,2.0,0.0,0.0,0.0,0.0,2.0,0.0,0.0,2010,0.0,0.0,0.0,1.0,0.0,4.0,0.0,0.0
438,New York,2013,1.0,0.0,0.0,0.0,0.0,2.0,0.0,0.0,2010,0.0,0.0,0.0,1.0,0.0,4.0,0.0,0.0
439,New York,2014,1.0,0.0,0.0,0.0,0.0,3.0,0.0,0.0,2010,0.0,0.0,0.0,1.0,0.0,4.0,0.0,0.0
440,New York,2015,1.0,0.0,0.0,0.0,0.0,3.0,0.0,0.0,2010,0.0,0.0,0.0,1.0,0.0,4.0,0.0,0.0
441,New York,2016,1.0,0.0,0.0,0.0,0.0,3.0,0.0,0.0,2010,0.0,0.0,0.0,1.0,0.0,4.0,0.0,0.0
442,New York,2017,1.0,0.0,0.0,0.0,0.0,3.0,0.0,0.0,2010,0.0,0.0,0.0,1.0,0.0,4.0,0.0,0.0
443,New York,2018,1.0,0.0,0.0,0.0,0.0,3.0,0.0,0.0,2010,0.0,0.0,0.0,1.0,0.0,4.0,0.0,0.0
444,New York,2019,1.0,0.0,0.0,0.0,0.0,4.0,0.0,0.0,2010,0.0,0.0,0.0,1.0,0.0,4.0,0.0,0.0
445,New York,2020,1.0,0.0,0.0,0.0,0.0,4.0,0.0,0.0,2010,0.0,0.0,0.0,1.0,0.0,4.0,0.0,0.0
446,New York,2021,2.0,0.0,0.0,0.0,0.0,3.0,0.0,1.0,2010,0.0,0.0,0.0,1.0,0.0,4.0,0.0,0.0
447,New York,2022,2.0,0.0,0.0,0.0,0.0,3.0,0.0,1.0,2010,0.0,0.0,0.0,1.0,0.0,4.0,0.0,0.0
448,New York,2023,3.0,0.0,0.0,0.0,0.0,3.0,0.0,1.0,2010,0.0,0.0,0.0,1.0,0.0,4.0,0.0,0.0
450,North Carolina,2010,0.0,0.0,0.0,0.0,0.0,0.0,0.0,0.0,2019,0.0,0.0,0.0,1.0,0.0,0.0,0.0,0.0
451,North Carolina,2011,0.0,0.0,0.0,0.0,0.0,0.0,0.0,0.0,2019,0.0,0.0,0.0,1.0,0.0,0.0,0.0,0.0
452,North Carolina,2012,0.0,0.0,0.0,0.0,0.0,0.0,0.0,0.0,2019,0.0,0.0,0.0,1.0,0.0,0.0,0.0,0.0
453,North Carolina,2013,0.0,0.0,0.0,0.0,0.0,0.0,0.0,0.0,2019,0.0,0.0,0.0,1.0,0.0,0.0,0.0,0.0
454,North Carolina,2014,0.0,0.0,0.0,0.0,0.0,0.0,0.0,0.0,2019,0.0,0.0,0.0,1.0,0.0,0.0,0.0,0.0
455,North Carolina,2015,0.0,0.0,0.0,0.0,0.0,0.0,0.0,0.0,2019,0.0,0.0,0.0,1.0,0.0,0.0,0.0,0.0
456,North Carolina,2016,0.0,0.0,0.0,0.0,0.0,0.0,0.0,0.0,2019,0.0,0.0,0.0,1.0,0.0,0.0,0.0,0.0
457,North Carolina,2017,0.0,0.0,0.0,0.0,0.0,0.0,0.0,0.0,2019,0.0,0.0,0.0,1.0,0.0,0.0,0.0,0.0
458,North Carolina,2018,0.0,0.0,0.0,0.0,0.0,0.0,0.0,0.0,2019,0.0,0.0,0.0,1.0,0.0,0.0,0.0,0.0
459,North Carolina,2019,0.0,0.0,0.0,0.0,0.0,1.0,0.0,0.0,2019,0.0,0.0,0.0,1.0,0.0,0.0,0.0,0.0
460,North Carolina,2020,0.0,0.0,0.0,0.0,0.0,2.0,0.0,0.0,2019,0.0,0.0,0.0,1.0,0.0,0.0,0.0,0.0
461,North Carolina,2021,1.0,0.0,0.0,0.0,0.0,2.0,0.0,0.0,2019,0.0,0.0,0.0,1.0,0.0,0.0,0.0,0.0
462,North Carolina,2022,1.0,0.0,0.0,0.0,0.0,2.0,0.0,0.0,2019,0.0,0.0,0.0,1.0,0.0,0.0,0.0,0.0
463,North Carolina,2023,2.0,0.0,0.0,0.0,0.0,2.0,0.0,0.0,2019,0.0,0.0,0.0,1.0,0.0,0.0,0.0,0.0
465,North Dakota,2010,0.0,0.0,0.0,0.0,0.0,0.0,0.0,0.0,2015,0.0,0.0,0.0,0.0,0.0,0.0,0.0,0.0
466,North Dakota,2011,0.0,0.0,0.0,0.0,0.0,0.0,0.0,0.0,2015,0.0,0.0,0.0,0.0,0.0,0.0,0.0,0.0
467,North Dakota,2012,0.0,0.0,0.0,0.0,0.0,0.0,0.0,0.0,2015,0.0,0.0,0.0,0.0,0.0,0.0,0.0,0.0
468,North Dakota,2013,0.0,0.0,0.0,0.0,0.0,0.0,0.0,0.0,2015,0.0,0.0,0.0,0.0,0.0,0.0,0.0,0.0
469,North Dakota,2014,0.0,0.0,0.0,0.0,0.0,0.0,0.0,0.0,2015,0.0,0.0,0.0,0.0,0.0,0.0,0.0,0.0
470,North Dakota,2015,1.0,0.0,0.0,0.0,0.0,0.0,0.0,0.0,2015,0.0,0.0,0.0,0.0,0.0,0.0,0.0,0.0
471,North Dakota,2016,1.0,0.0,0.0,0.0,0.0,0.0,0.0,0.0,2015,0.0,0.0,0.0,0.0,0.0,0.0,0.0,0.0
472,North Dakota,2017,1.0,0.0,0.0,0.0,0.0,0.0,0.0,0.0,2015,0.0,0.0,0.0,0.0,0.0,0.0,0.0,0.0
473,North Dakota,2018,1.0,0.0,0.0,0.0,0.0,0.0,0.0,0.0,2015,0.0,0.0,0.0,0.0,0.0,0.0,0.0,0.0
474,North Dakota,2019,1.0,0.0,0.0,0.0,0.0,0.0,0.0,0.0,2015,0.0,0.0,0.0,0.0,0.0,0.0,0.0,0.0
475,North Dakota,2020,1.0,0.0,0.0,0.0,0.0,0.0,0.0,0.0,2015,0.0,0.0,0.0,0.0,0.0,0.0,0.0,0.0
476,North Dakota,2021,1.0,0.0,0.0,0.0,0.0,0.0,0.0,0.0,2015,0.0,0.0,0.0,0.0,0.0,0.0,0.0,0.0
477,North Dakota,2022,1.0,0.0,0.0,0.0,0.0,0.0,0.0,0.0,2015,0.0,0.0,0.0,0.0,0.0,0.0,0.0,0.0
478,North Dakota,2023,2.0,0.0,0.0,0.0,0.0,0.0,0.0,0.0,2015,0.0,0.0,0.0,0.0,0.0,0.0,0.0,0.0
480,Ohio,2010,0.0,0.0,0.0,0.0,0.0,0.0,0.0,0.0,2011,0.0,0.0,0.0,0.0,0.0,3.0,0.0,0.0
481,Ohio,2011,1.0,0.0,0.0,0.0,0.0,1.0,0.0,0.0,2011,0.0,0.0,0.0,0.0,0.0,3.0,0.0,0.0
482,Ohio,2012,1.0,0.0,0.0,0.0,0.0,1.0,0.0,0.0,2011,0.0,0.0,0.0,0.0,0.0,3.0,0.0,0.0
483,Ohio,2013,1.0,1.0,0.0,0.0,0.0,1.0,0.0,0.0,2011,0.0,0.0,0.0,0.0,0.0,3.0,0.0,0.0
484,Ohio,2014,1.0,1.0,0.0,0.0,0.0,2.0,0.0,0.0,2011,0.0,0.0,0.0,0.0,0.0,3.0,0.0,0.0
485,Ohio,2015,1.0,1.0,0.0,0.0,0.0,2.0,0.0,0.0,2011,0.0,0.0,0.0,0.0,0.0,3.0,0.0,0.0
486,Ohio,2016,1.0,1.0,0.0,0.0,0.0,3.0,0.0,0.0,2011,0.0,0.0,0.0,0.0,0.0,3.0,0.0,0.0
487,Ohio,2017,1.0,0.0,0.0,0.0,0.0,3.0,0.0,0.0,2011,0.0,0.0,0.0,0.0,0.0,3.0,0.0,0.0
488,Ohio,2018,1.0,0.0,0.0,0.0,0.0,4.0,0.0,0.0,2011,0.0,0.0,0.0,0.0,0.0,3.0,0.0,0.0
489,Ohio,2019,2.0,0.0,0.0,0.0,0.0,4.0,0.0,0.0,2011,0.0,0.0,0.0,0.0,0.0,3.0,0.0,0.0
490,Ohio,2020,0.0,0.0,0.0,0.0,0.0,4.0,0.0,0.0,2011,0.0,0.0,0.0,0.0,0.0,3.0,0.0,0.0
491,Ohio,2021,0.0,0.0,0.0,0.0,0.0,5.0,0.0,0.0,2011,0.0,0.0,0.0,0.0,0.0,3.0,0.0,0.0
492,Ohio,2022,0.0,0.0,0.0,0.0,0.0,6.0,0.0,0.0,2011,0.0,0.0,0.0,0.0,0.0,3.0,0.0,0.0
493,Ohio,2023,0.0,0.0,0.0,0.0,0.0,6.0,0.0,0.0,2011,0.0,0.0,0.0,0.0,0.0,3.0,0.0,0.0
495,Oklahoma,2010,0.0,0.0,0.0,0.0,0.0,0.0,0.0,0.0,2021,0.0,0.0,0.0,0.0,0.0,1.0,0.0,0.0
496,Oklahoma,2011,0.0,0.0,0.0,0.0,0.0,0.0,0.0,0.0,2021,0.0,0.0,0.0,0.0,0.0,1.0,0.0,0.0
497,Oklahoma,2012,0.0,0.0,0.0,0.0,0.0,0.0,0.0,0.0,2021,0.0,0.0,0.0,0.0,0.0,1.0,0.0,0.0
498,Oklahoma,2013,0.0,0.0,0.0,0.0,0.0,0.0,0.0,0.0,2021,0.0,0.0,0.0,0.0,0.0,1.0,0.0,0.0
499,Oklahoma,2014,0.0,0.0,0.0,0.0,0.0,0.0,0.0,0.0,2021,0.0,0.0,0.0,0.0,0.0,1.0,0.0,0.0
500,Oklahoma,2015,0.0,0.0,0.0,0.0,0.0,0.0,0.0,0.0,2021,0.0,0.0,0.0,0.0,0.0,1.0,0.0,0.0
501,Oklahoma,2016,0.0,0.0,0.0,0.0,0.0,0.0,0.0,0.0,2021,0.0,0.0,0.0,0.0,0.0,1.0,0.0,0.0
502,Oklahoma,2017,0.0,0.0,0.0,0.0,0.0,0.0,0.0,0.0,2021,0.0,0.0,0.0,0.0,0.0,1.0,0.0,0.0
503,Oklahoma,2018,0.0,0.0,0.0,0.0,0.0,0.0,0.0,0.0,2021,0.0,0.0,0.0,0.0,0.0,1.0,0.0,0.0
504,Oklahoma,2019,0.0,0.0,0.0,0.0,0.0,0.0,0.0,0.0,2021,0.0,0.0,0.0,0.0,0.0,1.0,0.0,0.0
505,Oklahoma,2020,0.0,0.0,0.0,0.0,0.0,0.0,0.0,0.0,2021,0.0,0.0,0.0,0.0,0.0,1.0,0.0,0.0
506,Oklahoma,2021,1.0,0.0,0.0,0.0,0.0,0.0,0.0,0.0,2021,0.0,0.0,0.0,0.0,0.0,1.0,0.0,0.0
507,Oklahoma,2022,1.0,0.0,0.0,0.0,0.0,0.0,0.0,0.0,2021,0.0,0.0,0.0,0.0,0.0,1.0,0.0,0.0
508,Oklahoma,2023,1.0,0.0,0.0,0.0,0.0,0.0,0.0,0.0,2021,0.0,0.0,0.0,0.0,0.0,1.0,0.0,0.0
510,Oregon,2010,1.0,0.0,0.0,1.0,0.0,0.0,0.0,0.0,2010,8.0,2.0,0.0,0.0,0.0,0.0,0.0,0.0
511,Oregon,2011,3.0,0.0,0.0,1.0,0.0,0.0,0.0,0.0,2010,8.0,2.0,0.0,0.0,0.0,0.0,0.0,0.0
512,Oregon,2012,2.0,0.0,0.0,1.0,0.0,0.0,0.0,0.0,2010,8.0,2.0,0.0,0.0,0.0,0.0,0.0,0.0
513,Oregon,2013,3.0,0.0,0.0,0.0,0.0,0.0,0.0,0.0,2010,8.0,2.0,0.0,0.0,0.0,0.0,0.0,0.0
514,Oregon,2014,2.0,0.0,0.0,0.0,0.0,0.0,0.0,0.0,2010,8.0,2.0,0.0,0.0,0.0,0.0,0.0,0.0
515,Oregon,2015,2.0,0.0,1.0,0.0,0.0,0.0,0.0,0.0,2010,8.0,2.0,0.0,0.0,0.0,0.0,0.0,0.0
516,Oregon,2016,2.0,0.0,1.0,0.0,0.0,0.0,0.0,0.0,2010,8.0,2.0,0.0,0.0,0.0,0.0,0.0,0.0
517,Oregon,2017,2.0,0.0,1.0,0.0,0.0,0.0,0.0,0.0,2010,8.0,2.0,0.0,0.0,0.0,0.0,0.0,0.0
518,Oregon,2018,2.0,0.0,1.0,0.0,0.0,0.0,0.0,0.0,2010,8.0,2.0,0.0,0.0,0.0,0.0,0.0,0.0
519,Oregon,2019,2.0,0.0,1.0,0.0,0.0,0.0,0.0,0.0,2010,8.0,2.0,0.0,0.0,0.0,0.0,0.0,0.0
520,Oregon,2020,2.0,0.0,1.0,0.0,0.0,1.0,0.0,0.0,2010,8.0,2.0,0.0,0.0,0.0,0.0,0.0,0.0
521,Oregon,2021,2.0,0.0,1.0,0.0,0.0,1.0,0.0,0.0,2010,8.0,2.0,0.0,0.0,0.0,0.0,0.0,0.0
522,Oregon,2022,2.0,0.0,1.0,0.0,0.0,1.0,0.0,0.0,2010,8.0,2.0,0.0,0.0,0.0,0.0,0.0,0.0
523,Oregon,2023,1.0,0.0,2.0,0.0,0.0,1.0,0.0,0.0,2010,8.0,2.0,0.0,0.0,0.0,0.0,0.0,0.0
525,Pennsylvania,2010,0.0,0.0,0.0,0.0,0.0,1.0,0.0,0.0,2010,0.0,0.0,0.0,0.0,0.0,0.0,1.0,0.0
526,Pennsylvania,2011,0.0,0.0,0.0,0.0,0.0,1.0,0.0,0.0,2010,0.0,0.0,0.0,0.0,0.0,0.0,1.0,0.0
527,Pennsylvania,2012,1.0,0.0,0.0,0.0,0.0,1.0,0.0,0.0,2010,0.0,0.0,0.0,0.0,0.0,0.0,1.0,0.0
528,Pennsylvania,2013,1.0,0.0,0.0,0.0,0.0,1.0,0.0,0.0,2010,0.0,0.0,0.0,0.0,0.0,0.0,1.0,0.0
529,Pennsylvania,2014,1.0,0.0,0.0,0.0,0.0,2.0,0.0,0.0,2010,0.0,0.0,0.0,0.0,0.0,0.0,1.0,0.0
530,Pennsylvania,2015,1.0,0.0,0.0,0.0,0.0,2.0,0.0,0.0,2010,0.0,0.0,0.0,0.0,0.0,0.0,1.0,0.0
531,Pennsylvania,2016,1.0,0.0,0.0,0.0,0.0,2.0,0.0,0.0,2010,0.0,0.0,0.0,0.0,0.0,0.0,1.0,0.0
532,Pennsylvania,2017,1.0,0.0,0.0,0.0,0.0,2.0,0.0,0.0,2010,0.0,0.0,0.0,0.0,0.0,0.0,1.0,0.0
533,Pennsylvania,2018,1.0,0.0,0.0,0.0,0.0,2.0,0.0,0.0,2010,0.0,0.0,0.0,0.0,0.0,0.0,1.0,0.0
534,Pennsylvania,2019,2.0,0.0,0.0,0.0,0.0,2.0,0.0,0.0,2010,0.0,0.0,0.0,0.0,0.0,0.0,1.0,0.0
535,Pennsylvania,2020,2.0,0.0,0.0,0.0,0.0,2.0,0.0,0.0,2010,0.0,0.0,0.0,0.0,0.0,0.0,1.0,0.0
536,Pennsylvania,2021,3.0,0.0,0.0,0.0,0.0,1.0,0.0,0.0,2010,0.0,0.0,0.0,0.0,0.0,0.0,1.0,0.0
537,Pennsylvania,2022,3.0,0.0,0.0,0.0,0.0,1.0,0.0,0.0,2010,0.0,0.0,0.0,0.0,0.0,0.0,1.0,0.0
538,Pennsylvania,2023,2.0,0.0,0.0,0.0,0.0,1.0,0.0,0.0,2010,0.0,0.0,0.0,0.0,0.0,0.0,1.0,0.0
540,Puerto Rico,2010,0.0,0.0,0.0,0.0,0.0,0.0,0.0,0.0,2021,0.0,0.0,0.0,0.0,0.0,0.0,0.0,0.0
541,Puerto Rico,2011,0.0,0.0,0.0,0.0,0.0,0.0,0.0,0.0,2021,0.0,0.0,0.0,0.0,0.0,0.0,0.0,0.0
542,Puerto Rico,2012,0.0,0.0,0.0,0.0,0.0,0.0,0.0,0.0,2021,0.0,0.0,0.0,0.0,0.0,0.0,0.0,0.0
543,Puerto Rico,2013,0.0,0.0,0.0,0.0,0.0,0.0,0.0,0.0,2021,0.0,0.0,0.0,0.0,0.0,0.0,0.0,0.0
544,Puerto Rico,2014,0.0,0.0,0.0,0.0,0.0,0.0,0.0,0.0,2021,0.0,0.0,0.0,0.0,0.0,0.0,0.0,0.0
545,Puerto Rico,2015,0.0,0.0,0.0,0.0,0.0,0.0,0.0,0.0,2021,0.0,0.0,0.0,0.0,0.0,0.0,0.0,0.0
546,Puerto Rico,2016,0.0,0.0,0.0,0.0,0.0,0.0,0.0,0.0,2021,0.0,0.0,0.0,0.0,0.0,0.0,0.0,0.0
547,Puerto Rico,2017,0.0,0.0,0.0,0.0,0.0,0.0,0.0,0.0,2021,0.0,0.0,0.0,0.0,0.0,0.0,0.0,0.0
548,Puerto Rico,2018,0.0,0.0,0.0,0.0,0.0,0.0,0.0,0.0,2021,0.0,0.0,0.0,0.0,0.0,0.0,0.0,0.0
549,Puerto Rico,2019,0.0,0.0,0.0,0.0,0.0,0.0,0.0,0.0,2021,0.0,0.0,0.0,0.0,0.0,0.0,0.0,0.0
550,Puerto Rico,2020,0.0,0.0,0.0,0.0,0.0,0.0,0.0,0.0,2021,0.0,0.0,0.0,0.0,0.0,0.0,0.0,0.0
551,Puerto Rico,2021,0.0,0.0,0.0,1.0,0.0,0.0,1.0,0.0,2021,0.0,0.0,0.0,0.0,0.0,0.0,0.0,0.0
552,Puerto Rico,2022,0.0,0.0,0.0,1.0,0.0,0.0,1.0,0.0,2021,0.0,0.0,0.0,0.0,0.0,0.0,0.0,0.0
553,Puerto Rico,2023,0.0,0.0,0.0,1.0,0.0,0.0,1.0,0.0,2021,0.0,0.0,0.0,0.0,0.0,0.0,0.0,0.0
555,Rhode Island,2010,3.0,0.0,0.0,0.0,0.0,0.0,0.0,0.0,2010,4.0,0.0,0.0,0.0,0.0,0.0,0.0,0.0
556,Rhode Island,2011,2.0,0.0,0.0,0.0,0.0,0.0,0.0,0.0,2010,4.0,0.0,0.0,0.0,0.0,0.0,0.0,0.0
557,Rhode Island,2012,2.0,0.0,0.0,0.0,0.0,0.0,0.0,0.0,2010,4.0,0.0,0.0,0.0,0.0,0.0,0.0,0.0
558,Rhode Island,2013,2.0,0.0,0.0,0.0,0.0,0.0,0.0,0.0,2010,4.0,0.0,0.0,0.0,0.0,0.0,0.0,0.0
559,Rhode Island,2014,2.0,0.0,0.0,0.0,0.0,0.0,0.0,0.0,2010,4.0,0.0,0.0,0.0,0.0,0.0,0.0,0.0
560,Rhode Island,2015,1.0,0.0,0.0,0.0,0.0,0.0,0.0,0.0,2010,4.0,0.0,0.0,0.0,0.0,0.0,0.0,0.0
561,Rhode Island,2016,0.0,0.0,0.0,0.0,0.0,0.0,0.0,0.0,2010,4.0,0.0,0.0,0.0,0.0,0.0,0.0,0.0
562,Rhode Island,2017,0.0,0.0,0.0,0.0,0.0,0.0,0.0,0.0,2010,4.0,0.0,0.0,0.0,0.0,0.0,0.0,0.0
563,Rhode Island,2018,0.0,0.0,0.0,0.0,0.0,0.0,0.0,0.0,2010,4.0,0.0,0.0,0.0,0.0,0.0,0.0,0.0
564,Rhode Island,2019,1.0,0.0,0.0,0.0,0.0,0.0,0.0,0.0,2010,4.0,0.0,0.0,0.0,0.0,0.0,0.0,0.0
565,Rhode Island,2020,1.0,0.0,0.0,0.0,0.0,0.0,0.0,0.0,2010,4.0,0.0,0.0,0.0,0.0,0.0,0.0,0.0
566,Rhode Island,2021,1.0,0.0,0.0,0.0,0.0,0.0,0.0,0.0,2010,4.0,0.0,0.0,0.0,0.0,0.0,0.0,0.0
567,Rhode Island,2022,1.0,0.0,0.0,0.0,0.0,0.0,0.0,0.0,2010,4.0,0.0,0.0,0.0,0.0,0.0,0.0,0.0
568,Rhode Island,2023,1.0,0.0,0.0,0.0,0.0,0.0,0.0,0.0,2010,4.0,0.0,0.0,0.0,0.0,0.0,0.0,0.0
570,South Dakota,2010,0.0,0.0,0.0,0.0,0.0,0.0,0.0,0.0,2023,0.0,0.0,0.0,0.0,0.0,0.0,0.0,0.0
571,South Dakota,2011,0.0,0.0,0.0,0.0,0.0,0.0,0.0,0.0,2023,0.0,0.0,0.0,0.0,0.0,0.0,0.0,0.0
572,South Dakota,2012,0.0,0.0,0.0,0.0,0.0,0.0,0.0,0.0,2023,0.0,0.0,0.0,0.0,0.0,0.0,0.0,0.0
573,South Dakota,2013,0.0,0.0,0.0,0.0,0.0,0.0,0.0,0.0,2023,0.0,0.0,0.0,0.0,0.0,0.0,0.0,0.0
574,South Dakota,2014,0.0,0.0,0.0,0.0,0.0,0.0,0.0,0.0,2023,0.0,0.0,0.0,0.0,0.0,0.0,0.0,0.0
575,South Dakota,2015,0.0,0.0,0.0,0.0,0.0,0.0,0.0,0.0,2023,0.0,0.0,0.0,0.0,0.0,0.0,0.0,0.0
576,South Dakota,2016,0.0,0.0,0.0,0.0,0.0,0.0,0.0,0.0,2023,0.0,0.0,0.0,0.0,0.0,0.0,0.0,0.0
577,South Dakota,2017,0.0,0.0,0.0,0.0,0.0,0.0,0.0,0.0,2023,0.0,0.0,0.0,0.0,0.0,0.0,0.0,0.0
578,South Dakota,2018,0.0,0.0,0.0,0.0,0.0,0.0,0.0,0.0,2023,0.0,0.0,0.0,0.0,0.0,0.0,0.0,0.0
579,South Dakota,2019,0.0,0.0,0.0,0.0,0.0,0.0,0.0,0.0,2023,0.0,0.0,0.0,0.0,0.0,0.0,0.0,0.0
580,South Dakota,2020,0.0,0.0,0.0,0.0,0.0,0.0,0.0,0.0,2023,0.0,0.0,0.0,0.0,0.0,0.0,0.0,0.0
581,South Dakota,2021,0.0,0.0,0.0,0.0,0.0,0.0,0.0,0.0,2023,0.0,0.0,0.0,0.0,0.0,0.0,0.0,0.0
582,South Dakota,2022,0.0,0.0,0.0,0.0,0.0,0.0,0.0,0.0,2023,0.0,0.0,0.0,0.0,0.0,0.0,0.0,0.0
583,South Dakota,2023,1.0,0.0,0.0,0.0,0.0,0.0,0.0,0.0,2023,0.0,0.0,0.0,0.0,0.0,0.0,0.0,0.0
585,Tennessee,2010,0.0,0.0,0.0,0.0,0.0,0.0,0.0,0.0,2021,0.0,0.0,0.0,0.0,0.0,0.0,0.0,0.0
586,Tennessee,2011,0.0,0.0,0.0,0.0,0.0,0.0,0.0,0.0,2021,0.0,0.0,0.0,0.0,0.0,0.0,0.0,0.0
587,Tennessee,2012,0.0,0.0,0.0,0.0,0.0,0.0,0.0,0.0,2021,0.0,0.0,0.0,0.0,0.0,0.0,0.0,0.0
588,Tennessee,2013,0.0,0.0,0.0,0.0,0.0,0.0,0.0,0.0,2021,0.0,0.0,0.0,0.0,0.0,0.0,0.0,0.0
589,Tennessee,2014,0.0,0.0,0.0,0.0,0.0,0.0,0.0,0.0,2021,0.0,0.0,0.0,0.0,0.0,0.0,0.0,0.0
590,Tennessee,2015,0.0,0.0,0.0,0.0,0.0,0.0,0.0,0.0,2021,0.0,0.0,0.0,0.0,0.0,0.0,0.0,0.0
591,Tennessee,2016,0.0,0.0,0.0,0.0,0.0,0.0,0.0,0.0,2021,0.0,0.0,0.0,0.0,0.0,0.0,0.0,0.0
592,Tennessee,2017,0.0,0.0,0.0,0.0,0.0,0.0,0.0,0.0,2021,0.0,0.0,0.0,0.0,0.0,0.0,0.0,0.0
593,Tennessee,2018,0.0,0.0,0.0,0.0,0.0,0.0,0.0,0.0,2021,0.0,0.0,0.0,0.0,0.0,0.0,0.0,0.0
594,Tennessee,2019,0.0,0.0,0.0,0.0,0.0,0.0,0.0,0.0,2021,0.0,0.0,0.0,0.0,0.0,0.0,0.0,0.0
595,Tennessee,2020,0.0,0.0,0.0,0.0,0.0,0.0,0.0,0.0,2021,0.0,0.0,0.0,0.0,0.0,0.0,0.0,0.0
596,Tennessee,2021,1.0,1.0,0.0,0.0,0.0,0.0,0.0,0.0,2021,0.0,0.0,0.0,0.0,0.0,0.0,0.0,0.0
597,Tennessee,2022,1.0,1.0,0.0,0.0,0.0,0.0,0.0,0.0,2021,0.0,0.0,0.0,0.0,0.0,0.0,0.0,0.0
598,Tennessee,2023,1.0,1.0,0.0,0.0,0.0,0.0,0.0,0.0,2021,0.0,0.0,0.0,0.0,0.0,0.0,0.0,0.0
600,Texas,2010,0.0,0.0,0.0,1.0,0.0,1.0,1.0,0.0,2010,2.0,0.0,0.0,0.0,0.0,1.0,0.0,0.0
601,Texas,2011,0.0,0.0,0.0,1.0,0.0,1.0,1.0,0.0,2010,2.0,0.0,0.0,0.0,0.0,1.0,0.0,0.0
602,Texas,2012,0.0,0.0,0.0,1.0,0.0,1.0,1.0,0.0,2010,2.0,0.0,0.0,0.0,0.0,1.0,0.0,0.0
603,Texas,2013,0.0,0.0,0.0,1.0,0.0,1.0,1.0,0.0,2010,2.0,0.0,0.0,0.0,0.0,1.0,0.0,0.0
604,Texas,2014,0.0,0.0,0.0,1.0,0.0,1.0,1.0,0.0,2010,2.0,0.0,0.0,0.0,0.0,1.0,0.0,0.0
605,Texas,2015,0.0,0.0,0.0,1.0,0.0,1.0,0.0,0.0,2010,2.0,0.0,0.0,0.0,0.0,1.0,0.0,0.0
606,Texas,2016,0.0,0.0,0.0,1.0,0.0,1.0,0.0,0.0,2010,2.0,0.0,0.0,0.0,0.0,1.0,0.0,0.0
607,Texas,2017,0.0,0.0,0.0,0.0,0.0,0.0,0.0,0.0,2010,2.0,0.0,0.0,0.0,0.0,1.0,0.0,0.0
608,Texas,2018,0.0,0.0,0.0,0.0,0.0,0.0,0.0,0.0,2010,2.0,0.0,0.0,0.0,0.0,1.0,0.0,0.0
609,Texas,2019,0.0,0.0,0.0,0.0,0.0,0.0,0.0,0.0,2010,2.0,0.0,0.0,0.0,0.0,1.0,0.0,0.0
610,Texas,2020,0.0,0.0,0.0,0.0,0.0,0.0,0.0,0.0,2010,2.0,0.0,0.0,0.0,0.0,1.0,0.0,0.0
611,Texas,2021,0.0,0.0,0.0,0.0,0.0,0.0,0.0,0.0,2010,2.0,0.0,0.0,0.0,0.0,1.0,0.0,0.0
612,Texas,2022,1.0,0.0,0.0,0.0,0.0,0.0,0.0,0.0,2010,2.0,0.0,0.0,0.0,0.0,1.0,0.0,0.0
613,Texas,2023,3.0,0.0,0.0,0.0,0.0,0.0,0.0,0.0,2010,2.0,0.0,0.0,0.0,0.0,1.0,0.0,0.0
615,Utah,2010,1.0,0.0,0.0,0.0,0.0,0.0,0.0,0.0,2010,0.0,0.0,0.0,0.0,0.0,0.0,0.0,0.0
616,Utah,2011,1.0,0.0,0.0,0.0,0.0,0.0,0.0,0.0,2010,0.0,0.0,0.0,0.0,0.0,0.0,0.0,0.0
617,Utah,2012,0.0,0.0,0.0,0.0,0.0,0.0,0.0,0.0,2010,0.0,0.0,0.0,0.0,0.0,0.0,0.0,0.0
618,Utah,2013,0.0,0.0,0.0,0.0,0.0,0.0,0.0,0.0,2010,0.0,0.0,0.0,0.0,0.0,0.0,0.0,0.0
619,Utah,2014,0.0,0.0,0.0,0.0,0.0,0.0,0.0,0.0,2010,0.0,0.0,0.0,0.0,0.0,0.0,0.0,0.0
620,Utah,2015,0.0,0.0,0.0,0.0,0.0,0.0,0.0,0.0,2010,0.0,0.0,0.0,0.0,0.0,0.0,0.0,0.0
621,Utah,2016,0.0,0.0,0.0,0.0,0.0,0.0,0.0,0.0,2010,0.0,0.0,0.0,0.0,0.0,0.0,0.0,0.0
622,Utah,2017,0.0,0.0,0.0,0.0,0.0,0.0,0.0,0.0,2010,0.0,0.0,0.0,0.0,0.0,0.0,0.0,0.0
623,Utah,2018,0.0,0.0,0.0,0.0,0.0,0.0,0.0,0.0,2010,0.0,0.0,0.0,0.0,0.0,0.0,0.0,0.0
624,Utah,2019,0.0,0.0,0.0,0.0,0.0,0.0,0.0,0.0,2010,0.0,0.0,0.0,0.0,0.0,0.0,0.0,0.0
625,Utah,2020,0.0,0.0,0.0,0.0,0.0,0.0,0.0,0.0,2010,0.0,0.0,0.0,0.0,0.0,0.0,0.0,0.0
626,Utah,2021,0.0,0.0,0.0,0.0,0.0,0.0,0.0,0.0,2010,0.0,0.0,0.0,0.0,0.0,0.0,0.0,0.0
627,Utah,2022,0.0,0.0,0.0,0.0,0.0,0.0,0.0,0.0,2010,0.0,0.0,0.0,0.0,0.0,0.0,0.0,0.0
628,Utah,2023,0.0,0.0,0.0,0.0,0.0,0.0,0.0,0.0,2010,0.0,0.0,0.0,0.0,0.0,0.0,0.0,0.0
630,Vermont,2010,0.0,0.0,0.0,0.0,0.0,0.0,0.0,0.0,2015,0.0,0.0,1.0,0.0,0.0,0.0,0.0,0.0
631,Vermont,2011,0.0,0.0,0.0,0.0,0.0,0.0,0.0,0.0,2015,0.0,0.0,1.0,0.0,0.0,0.0,0.0,0.0
632,Vermont,2012,0.0,0.0,0.0,0.0,0.0,0.0,0.0,0.0,2015,0.0,0.0,1.0,0.0,0.0,0.0,0.0,0.0
633,Vermont,2013,0.0,0.0,0.0,0.0,0.0,0.0,0.0,0.0,2015,0.0,0.0,1.0,0.0,0.0,0.0,0.0,0.0
634,Vermont,2014,0.0,0.0,0.0,0.0,0.0,0.0,0.0,0.0,2015,0.0,0.0,1.0,0.0,0.0,0.0,0.0,0.0
635,Vermont,2015,1.0,0.0,0.0,0.0,0.0,0.0,0.0,0.0,2015,0.0,0.0,1.0,0.0,0.0,0.0,0.0,0.0
636,Vermont,2016,1.0,0.0,0.0,0.0,0.0,0.0,0.0,0.0,2015,0.0,0.0,1.0,0.0,0.0,0.0,0.0,0.0
637,Vermont,2017,2.0,0.0,0.0,0.0,0.0,0.0,0.0,0.0,2015,0.0,0.0,1.0,0.0,0.0,0.0,0.0,0.0
638,Vermont,2018,2.0,0.0,0.0,0.0,0.0,0.0,0.0,0.0,2015,0.0,0.0,1.0,0.0,0.0,0.0,0.0,0.0
639,Vermont,2019,2.0,0.0,0.0,0.0,0.0,0.0,0.0,0.0,2015,0.0,0.0,1.0,0.0,0.0,0.0,0.0,0.0
640,Vermont,2020,2.0,0.0,0.0,0.0,0.0,0.0,0.0,0.0,2015,0.0,0.0,1.0,0.0,0.0,0.0,0.0,0.0
641,Vermont,2021,4.0,0.0,0.0,0.0,0.0,0.0,0.0,0.0,2015,0.0,0.0,1.0,0.0,0.0,0.0,0.0,0.0
642,Vermont,2022,3.0,0.0,0.0,0.0,0.0,0.0,0.0,0.0,2015,0.0,0.0,1.0,0.0,0.0,0.0,0.0,0.0
643,Vermont,2023,3.0,0.0,0.0,0.0,0.0,0.0,0.0,0.0,2015,0.0,0.0,1.0,0.0,0.0,0.0,0.0,0.0
645,Virginia,2010,1.0,0.0,0.0,0.0,0.0,1.0,0.0,0.0,2010,0.0,0.0,0.0,0.0,0.0,0.0,0.0,0.0
646,Virginia,2011,1.0,0.0,0.0,0.0,0.0,1.0,0.0,0.0,2010,0.0,0.0,0.0,0.0,0.0,0.0,0.0,0.0
647,Virginia,2012,2.0,0.0,0.0,0.0,0.0,1.0,0.0,0.0,2010,0.0,0.0,0.0,0.0,0.0,0.0,0.0,0.0
648,Virginia,2013,1.0,0.0,0.0,0.0,0.0,1.0,0.0,0.0,2010,0.0,0.0,0.0,0.0,0.0,0.0,0.0,0.0
649,Virginia,2014,1.0,0.0,0.0,0.0,0.0,1.0,0.0,0.0,2010,0.0,0.0,0.0,0.0,0.0,0.0,0.0,0.0
650,Virginia,2015,1.0,0.0,0.0,0.0,0.0,1.0,0.0,0.0,2010,0.0,0.0,0.0,0.0,0.0,0.0,0.0,0.0
651,Virginia,2016,2.0,0.0,0.0,0.0,0.0,1.0,0.0,0.0,2010,0.0,0.0,0.0,0.0,0.0,0.0,0.0,0.0
652,Virginia,2017,2.0,0.0,0.0,0.0,0.0,1.0,0.0,0.0,2010,0.0,0.0,0.0,0.0,0.0,0.0,0.0,0.0
653,Virginia,2018,3.0,0.0,0.0,0.0,0.0,0.0,0.0,0.0,2010,0.0,0.0,0.0,0.0,0.0,0.0,0.0,0.0
654,Virginia,2019,3.0,0.0,0.0,0.0,0.0,0.0,0.0,0.0,2010,0.0,0.0,0.0,0.0,0.0,0.0,0.0,0.0
655,Virginia,2020,3.0,0.0,0.0,0.0,0.0,0.0,0.0,0.0,2010,0.0,0.0,0.0,0.0,0.0,0.0,0.0,0.0
656,Virginia,2021,3.0,0.0,0.0,0.0,0.0,0.0,0.0,0.0,2010,0.0,0.0,0.0,0.0,0.0,0.0,0.0,0.0
657,Virginia,2022,3.0,0.0,0.0,0.0,0.0,0.0,0.0,0.0,2010,0.0,0.0,0.0,0.0,0.0,0.0,0.0,0.0
658,Virginia,2023,3.0,0.0,0.0,0.0,0.0,0.0,0.0,0.0,2010,0.0,0.0,0.0,0.0,0.0,0.0,0.0,0.0
660,Washington,2010,1.0,0.0,0.0,0.0,0.0,0.0,0.0,0.0,2010,6.0,0.0,0.0,0.0,0.0,0.0,1.0,0.0
661,Washington,2011,1.0,0.0,0.0,0.0,0.0,0.0,0.0,0.0,2010,6.0,0.0,0.0,0.0,0.0,0.0,1.0,0.0
662,Washington,2012,2.0,0.0,0.0,0.0,0.0,0.0,0.0,0.0,2010,6.0,0.0,0.0,0.0,0.0,0.0,1.0,0.0
663,Washington,2013,2.0,0.0,0.0,1.0,0.0,0.0,0.0,0.0,2010,6.0,0.0,0.0,0.0,0.0,0.0,1.0,0.0
664,Washington,2014,0.0,0.0,0.0,1.0,0.0,0.0,0.0,0.0,2010,6.0,0.0,0.0,0.0,0.0,0.0,1.0,0.0
665,Washington,2015,0.0,0.0,0.0,1.0,0.0,0.0,0.0,0.0,2010,6.0,0.0,0.0,0.0,0.0,0.0,1.0,0.0
666,Washington,2016,0.0,0.0,0.0,1.0,0.0,0.0,0.0,0.0,2010,6.0,0.0,0.0,0.0,0.0,0.0,1.0,0.0
667,Washington,2017,0.0,0.0,0.0,2.0,0.0,0.0,0.0,0.0,2010,6.0,0.0,0.0,0.0,0.0,0.0,1.0,0.0
668,Washington,2018,0.0,0.0,0.0,1.0,0.0,0.0,0.0,0.0,2010,6.0,0.0,0.0,0.0,0.0,0.0,1.0,0.0
669,Washington,2019,0.0,0.0,0.0,1.0,0.0,0.0,0.0,0.0,2010,6.0,0.0,0.0,0.0,0.0,0.0,1.0,0.0
670,Washington,2020,0.0,0.0,0.0,1.0,0.0,0.0,0.0,0.0,2010,6.0,0.0,0.0,0.0,0.0,0.0,1.0,0.0
671,Washington,2021,0.0,0.0,0.0,1.0,0.0,0.0,0.0,0.0,2010,6.0,0.0,0.0,0.0,0.0,0.0,1.0,0.0
672,Washington,2022,0.0,0.0,0.0,0.0,0.0,0.0,0.0,0.0,2010,6.0,0.0,0.0,0.0,0.0,0.0,1.0,0.0
673,Washington,2023,0.0,0.0,0.0,0.0,0.0,0.0,0.0,0.0,2010,6.0,0.0,0.0,0.0,0.0,0.0,1.0,0.0
675,"Washington, D.C.",2010,0.0,0.0,0.0,0.0,0.0,0.0,0.0,1.0,2010,0.0,0.0,0.0,0.0,0.0,0.0,0.0,0.0
676,"Washington, D.C.",2011,0.0,0.0,0.0,0.0,0.0,0.0,0.0,1.0,2010,0.0,0.0,0.0,0.0,0.0,0.0,0.0,0.0
677,"Washington, D.C.",2012,0.0,0.0,0.0,0.0,0.0,0.0,0.0,1.0,2010,0.0,0.0,0.0,0.0,0.0,0.0,0.0,0.0
678,"Washington, D.C.",2013,0.0,0.0,0.0,0.0,0.0,0.0,0.0,1.0,2010,0.0,0.0,0.0,0.0,0.0,0.0,0.0,0.0
679,"Washington, D.C.",2014,0.0,0.0,0.0,0.0,0.0,0.0,0.0,1.0,2010,0.0,0.0,0.0,0.0,0.0,0.0,0.0,0.0
680,"Washington, D.C.",2015,0.0,0.0,0.0,0.0,0.0,0.0,0.0,1.0,2010,0.0,0.0,0.0,0.0,0.0,0.0,0.0,0.0
681,"Washington, D.C.",2016,0.0,0.0,0.0,0.0,0.0,0.0,0.0,0.0,2010,0.0,0.0,0.0,0.0,0.0,0.0,0.0,0.0
682,"Washington, D.C.",2017,0.0,0.0,0.0,0.0,0.0,0.0,0.0,0.0,2010,0.0,0.0,0.0,0.0,0.0,0.0,0.0,0.0
683,"Washington, D.C.",2018,0.0,0.0,0.0,0.0,0.0,0.0,0.0,0.0,2010,0.0,0.0,0.0,0.0,0.0,0.0,0.0,0.0
684,"Washington, D.C.",2019,0.0,0.0,0.0,0.0,0.0,0.0,0.0,0.0,2010,0.0,0.0,0.0,0.0,0.0,0.0,0.0,0.0
685,"Washington, D.C.",2020,0.0,0.0,0.0,0.0,0.0,0.0,0.0,0.0,2010,0.0,0.0,0.0,0.0,0.0,0.0,0.0,0.0
686,"Washington, D.C.",2021,0.0,0.0,0.0,0.0,0.0,0.0,0.0,0.0,2010,0.0,0.0,0.0,0.0,0.0,0.0,0.0,0.0
687,"Washington, D.C.",2022,0.0,0.0,0.0,0.0,0.0,0.0,0.0,0.0,2010,0.0,0.0,0.0,0.0,0.0,0.0,0.0,0.0
688,"Washington, D.C.",2023,0.0,0.0,0.0,0.0,0.0,0.0,0.0,0.0,2010,0.0,0.0,0.0,0.0,0.0,0.0,0.0,0.0
690,West Virginia,2010,0.0,0.0,0.0,0.0,0.0,0.0,0.0,0.0,2013,0.0,0.0,0.0,0.0,0.0,0.0,0.0,0.0
691,West Virginia,2011,0.0,0.0,0.0,0.0,0.0,0.0,0.0,0.0,2013,0.0,0.0,0.0,0.0,0.0,0.0,0.0,0.0
692,West Virginia,2012,0.0,0.0,0.0,0.0,0.0,0.0,0.0,0.0,2013,0.0,0.0,0.0,0.0,0.0,0.0,0.0,0.0
693,West Virginia,2013,1.0,0.0,0.0,0.0,0.0,0.0,0.0,0.0,2013,0.0,0.0,0.0,0.0,0.0,0.0,0.0,0.0
694,West Virginia,2014,1.0,0.0,0.0,0.0,0.0,0.0,0.0,0.0,2013,0.0,0.0,0.0,0.0,0.0,0.0,0.0,0.0
695,West Virginia,2015,1.0,0.0,0.0,0.0,0.0,0.0,0.0,0.0,2013,0.0,0.0,0.0,0.0,0.0,0.0,0.0,0.0
696,West Virginia,2016,1.0,0.0,0.0,0.0,0.0,0.0,0.0,0.0,2013,0.0,0.0,0.0,0.0,0.0,0.0,0.0,0.0
697,West Virginia,2017,0.0,0.0,0.0,0.0,0.0,0.0,0.0,0.0,2013,0.0,0.0,0.0,0.0,0.0,0.0,0.0,0.0
698,West Virginia,2018,0.0,0.0,0.0,0.0,0.0,0.0,0.0,0.0,2013,0.0,0.0,0.0,0.0,0.0,0.0,0.0,0.0
699,West Virginia,2019,0.0,0.0,0.0,0.0,0.0,0.0,0.0,0.0,2013,0.0,0.0,0.0,0.0,0.0,0.0,0.0,0.0
700,West Virginia,2020,0.0,0.0,0.0,0.0,0.0,0.0,0.0,0.0,2013,0.0,0.0,0.0,0.0,0.0,0.0,0.0,0.0
701,West Virginia,2021,0.0,0.0,0.0,0.0,0.0,0.0,0.0,0.0,2013,0.0,0.0,0.0,0.0,0.0,0.0,0.0,0.0
702,West Virginia,2022,0.0,0.0,0.0,0.0,0.0,0.0,0.0,0.0,2013,0.0,0.0,0.0,0.0,0.0,0.0,0.0,0.0
703,West Virginia,2023,0.0,0.0,0.0,0.0,0.0,0.0,0.0,0.0,2013,0.0,0.0,0.0,0.0,0.0,0.0,0.0,0.0
705,Wisconsin,2010,1.0,0.0,0.0,0.0,0.0,0.0,0.0,0.0,2010,8.0,2.0,0.0,0.0,0.0,1.0,0.0,0.0
706,Wisconsin,2011,1.0,0.0,0.0,0.0,0.0,0.0,0.0,0.0,2010,8.0,2.0,0.0,0.0,0.0,1.0,0.0,0.0
707,Wisconsin,2012,2.0,0.0,0.0,0.0,0.0,0.0,0.0,0.0,2010,8.0,2.0,0.0,0.0,0.0,1.0,0.0,0.0
708,Wisconsin,2013,2.0,0.0,0.0,0.0,0.0,0.0,0.0,0.0,2010,8.0,2.0,0.0,0.0,0.0,1.0,0.0,0.0
709,Wisconsin,2014,1.0,0.0,0.0,0.0,0.0,0.0,0.0,0.0,2010,8.0,2.0,0.0,0.0,0.0,1.0,0.0,0.0
710,Wisconsin,2015,1.0,0.0,0.0,0.0,0.0,0.0,0.0,0.0,2010,8.0,2.0,0.0,0.0,0.0,1.0,0.0,0.0
711,Wisconsin,2016,1.0,0.0,0.0,0.0,0.0,0.0,0.0,0.0,2010,8.0,2.0,0.0,0.0,0.0,1.0,0.0,0.0
712,Wisconsin,2017,1.0,0.0,0.0,0.0,0.0,0.0,0.0,0.0,2010,8.0,2.0,0.0,0.0,0.0,1.0,0.0,0.0
713,Wisconsin,2018,1.0,0.0,0.0,0.0,0.0,0.0,0.0,0.0,2010,8.0,2.0,0.0,0.0,0.0,1.0,0.0,0.0
714,Wisconsin,2019,2.0,0.0,0.0,1.0,0.0,0.0,0.0,0.0,2010,8.0,2.0,0.0,0.0,0.0,1.0,0.0,0.0
715,Wisconsin,2020,2.0,0.0,0.0,1.0,0.0,0.0,0.0,0.0,2010,8.0,2.0,0.0,0.0,0.0,1.0,0.0,0.0
716,Wisconsin,2021,2.0,0.0,0.0,1.0,0.0,0.0,0.0,0.0,2010,8.0,2.0,0.0,0.0,0.0,1.0,0.0,0.0
717,Wisconsin,2022,2.0,0.0,0.0,1.0,0.0,0.0,0.0,0.0,2010,8.0,2.0,0.0,0.0,0.0,1.0,0.0,0.0
718,Wisconsin,2023,2.0,0.0,0.0,1.0,0.0,0.0,0.0,0.0,2010,8.0,2.0,0.0,0.0,0.0,1.0,0.0,0.0
720,Wyoming,2010,1.0,0.0,0.0,0.0,0.0,0.0,0.0,0.0,2010,0.0,0.0,0.0,0.0,0.0,0.0,0.0,0.0
721,Wyoming,2011,1.0,0.0,0.0,0.0,0.0,0.0,0.0,0.0,2010,0.0,0.0,0.0,0.0,0.0,0.0,0.0,0.0
722,Wyoming,2012,1.0,0.0,0.0,0.0,0.0,0.0,0.0,0.0,2010,0.0,0.0,0.0,0.0,0.0,0.0,0.0,0.0
723,Wyoming,2013,1.0,0.0,0.0,0.0,0.0,0.0,0.0,0.0,2010,0.0,0.0,0.0,0.0,0.0,0.0,0.0,0.0
724,Wyoming,2014,1.0,0.0,0.0,0.0,0.0,0.0,0.0,0.0,2010,0.0,0.0,0.0,0.0,0.0,0.0,0.0,0.0
725,Wyoming,2015,1.0,0.0,0.0,0.0,0.0,0.0,0.0,0.0,2010,0.0,0.0,0.0,0.0,0.0,0.0,0.0,0.0
726,Wyoming,2016,1.0,0.0,0.0,0.0,0.0,0.0,0.0,0.0,2010,0.0,0.0,0.0,0.0,0.0,0.0,0.0,0.0
727,Wyoming,2017,2.0,0.0,0.0,0.0,0.0,0.0,0.0,0.0,2010,0.0,0.0,0.0,0.0,0.0,0.0,0.0,0.0
728,Wyoming,2018,2.0,0.0,0.0,0.0,0.0,0.0,0.0,0.0,2010,0.0,0.0,0.0,0.0,0.0,0.0,0.0,0.0
729,Wyoming,2019,2.0,0.0,0.0,0.0,0.0,0.0,0.0,0.0,2010,0.0,0.0,0.0,0.0,0.0,0.0,0.0,0.0
730,Wyoming,2020,2.0,0.0,0.0,0.0,0.0,0.0,0.0,0.0,2010,0.0,0.0,0.0,0.0,0.0,0.0,0.0,0.0
731,Wyoming,2021,2.0,0.0,0.0,0.0,0.0,0.0,0.0,0.0,2010,0.0,0.0,0.0,0.0,0.0,0.0,0.0,0.0
732,Wyoming,2022,2.0,0.0,0.0,0.0,0.0,0.0,0.0,0.0,2010,0.0,0.0,0.0,0.0,0.0,0.0,0.0,0.0
733,Wyoming,2023,2.0,0.0,0.0,0.0,0.0,0.0,0.0,0.0,2010,0.0,0.0,0.0,0.0,0.0,0.0,0.0,0.0
